,Adj Close,Adj Close,Adj Close,Adj Close
,ftse, dax ,spx ,nikkei
Date,,,,
2018-12-03,7062.39990234375,11465.4599609375,2790.3701171875,22574.759765625
2018-12-04,7022.7998046875,11335.3203125,2700.06005859375,22036.05078125
2018-12-05,6921.7998046875,11200.240234375,2700.06005859375,21919.330078125
2018-12-06,6704.10009765625,10810.98046875,2695.949951171875,21501.619140625
2018-12-07,6778.10009765625,10788.08984375,2633.080078125,21678.6796875
2018-12-10,6721.5,10622.0703125,2637.719970703125,21219.5
2018-12-11,6806.89990234375,10780.509765625,2636.780029296875,21148.01953125
2018-12-12,6880.2001953125,10929.4296875,2651.070068359375,21602.75
2018-12-13,6877.5,10924.7001953125,2650.5400390625,21816.189453125
2018-12-14,6845.2001953125,10865.76953125,2599.949951171875,21374.830078125
2018-12-17,6773.2001953125,10772.2001953125,2545.93994140625,21506.880859375
2018-12-18,6701.60009765625,10740.8896484375,2546.159912109375,21115.44921875
2018-12-19,6765.89990234375,10766.2099609375,2506.9599609375,20987.919921875
2018-12-20,6711.89990234375,10611.099609375,2467.419921875,20392.580078125
2018-12-21,6721.2001953125,10633.8203125,2416.6201171875,20166.189453125
2018-12-24,6686.0,10633.8203125,2351.10009765625,20166.189453125
2018-12-25,6686.0,10633.8203125,2351.10009765625,19155.740234375
2018-12-26,6686.0,10633.8203125,2467.699951171875,19327.060546875
2018-12-27,6584.7001953125,10381.509765625,2488.830078125,20077.619140625
2018-12-28,6734.0,10558.9599609375,2485.739990234375,20014.76953125
2018-12-31,6728.10009765625,10558.9599609375,2506.85009765625,20014.76953125
2019-01-01,6728.10009765625,10558.9599609375,2506.85009765625,20014.76953125
2019-01-02,6734.2001953125,10580.1904296875,2510.030029296875,20014.76953125
2019-01-03,6692.7001953125,10416.66015625,2447.889892578125,20014.76953125
2019-01-04,6837.39990234375,10767.6904296875,2531.93994140625,19561.9609375
2019-01-07,6810.89990234375,10747.8095703125,2549.68994140625,20038.970703125
2019-01-08,6861.60009765625,10803.98046875,2574.409912109375,20204.0390625
2019-01-09,6906.60009765625,10893.3203125,2584.9599609375,20427.060546875
2019-01-10,6942.89990234375,10921.58984375,2596.639892578125,20163.80078125
2019-01-11,6918.2001953125,10887.4599609375,2596.260009765625,20359.69921875
2019-01-14,6855.0,10855.91015625,2582.610107421875,20359.69921875
2019-01-15,6895.0,10891.7900390625,2610.300048828125,20555.2890625
2019-01-16,6862.7001953125,10931.240234375,2616.10009765625,20442.75
2019-01-17,6834.89990234375,10918.6201171875,2635.9599609375,20402.26953125
2019-01-18,6968.2998046875,11205.5400390625,2670.7099609375,20666.0703125
2019-01-21,6970.60009765625,11136.2001953125,2670.7099609375,20719.330078125
2019-01-22,6901.39990234375,11090.1103515625,2632.89990234375,20622.91015625
2019-01-23,6842.89990234375,11071.5400390625,2638.699951171875,20593.720703125
2019-01-24,6819.0,11130.1796875,2642.330078125,20574.630859375
2019-01-25,6809.2001953125,11281.7900390625,2664.760009765625,20773.560546875
2019-01-28,6747.10009765625,11210.3095703125,2643.85009765625,20649.0
2019-01-29,6833.89990234375,11218.830078125,2640.0,20664.640625
2019-01-30,6941.60009765625,11181.66015625,2681.050048828125,20556.5390625
2019-01-31,6968.89990234375,11173.099609375,2704.10009765625,20773.490234375
2019-02-01,7020.2001953125,11180.66015625,2706.530029296875,20788.390625
2019-02-04,7034.10009765625,11176.580078125,2724.8701171875,20883.76953125
2019-02-05,7177.39990234375,11367.98046875,2737.699951171875,20844.44921875
2019-02-06,7173.10009765625,11324.7197265625,2731.610107421875,20874.060546875
2019-02-07,7093.60009765625,11022.01953125,2706.050048828125,20751.279296875
2019-02-08,7071.2001953125,10906.7802734375,2707.8798828125,20333.169921875
2019-02-11,7129.10009765625,11014.58984375,2709.800048828125,20333.169921875
2019-02-12,7133.10009765625,11126.080078125,2744.72998046875,20864.2109375
2019-02-13,7190.7998046875,11167.2197265625,2753.030029296875,21144.48046875
2019-02-14,7197.0,11089.7900390625,2745.72998046875,21139.7109375
2019-02-15,7236.7001953125,11299.7998046875,2775.60009765625,20900.630859375
2019-02-18,7219.5,11299.2001953125,2775.60009765625,21281.849609375
2019-02-19,7179.2001953125,11309.2099609375,2779.760009765625,21302.650390625
2019-02-20,7228.60009765625,11401.9697265625,2784.699951171875,21431.490234375
2019-02-21,7167.39990234375,11423.2802734375,2774.8798828125,21464.23046875
2019-02-22,7178.60009765625,11457.7001953125,2792.669921875,21425.509765625
2019-02-25,7183.7001953125,11505.3896484375,2796.110107421875,21528.23046875
2019-02-26,7151.10009765625,11540.7900390625,2793.89990234375,21449.390625
2019-02-27,7107.2001953125,11487.330078125,2792.3798828125,21556.509765625
2019-02-28,7074.7001953125,11515.6396484375,2784.489990234375,21385.16015625
2019-03-01,7106.7001953125,11601.6796875,2803.68994140625,21602.689453125
2019-03-04,7134.39990234375,11592.66015625,2792.81005859375,21822.0390625
2019-03-05,7183.39990234375,11620.740234375,2789.64990234375,21726.279296875
2019-03-06,7196.0,11587.6298828125,2771.449951171875,21596.810546875
2019-03-07,7157.60009765625,11517.7998046875,2748.929931640625,21456.009765625
2019-03-08,7104.2998046875,11457.83984375,2743.070068359375,21025.560546875
2019-03-11,7130.60009765625,11543.48046875,2783.300048828125,21125.08984375
2019-03-12,7151.2001953125,11524.169921875,2791.52001953125,21503.689453125
2019-03-13,7159.2001953125,11572.41015625,2810.919921875,21290.240234375
2019-03-14,7185.39990234375,11587.4697265625,2808.47998046875,21287.01953125
2019-03-15,7228.2998046875,11685.6904296875,2822.47998046875,21450.849609375
2019-03-18,7299.2001953125,11657.0595703125,2832.93994140625,21584.5
2019-03-19,7324.0,11788.41015625,2832.570068359375,21566.849609375
2019-03-20,7291.0,11603.8896484375,2824.22998046875,21608.919921875
2019-03-21,7355.2998046875,11549.9599609375,2854.8798828125,21608.919921875
2019-03-22,7207.60009765625,11364.169921875,2800.7099609375,21627.33984375
2019-03-25,7177.60009765625,11346.650390625,2798.360107421875,20977.109375
2019-03-26,7196.2998046875,11419.48046875,2818.4599609375,21428.390625
2019-03-27,7194.2001953125,11419.0400390625,2805.3701171875,21378.73046875
2019-03-28,7234.2998046875,11428.16015625,2815.43994140625,21033.759765625
2019-03-29,7279.2001953125,11526.0400390625,2834.39990234375,21205.810546875
2019-04-01,7317.39990234375,11681.990234375,2867.18994140625,21509.029296875
2019-04-02,7391.10009765625,11754.7900390625,2867.239990234375,21505.310546875
2019-04-03,7418.2998046875,11954.400390625,2873.39990234375,21713.2109375
2019-04-04,7401.89990234375,11988.009765625,2879.389892578125,21724.94921875
2019-04-05,7446.89990234375,12009.75,2892.739990234375,21807.5
2019-04-08,7451.89990234375,11963.400390625,2895.77001953125,21761.650390625
2019-04-09,7425.60009765625,11850.5703125,2878.199951171875,21802.58984375
2019-04-10,7421.89990234375,11905.91015625,2888.2099609375,21687.5703125
2019-04-11,7418.0,11935.2001953125,2888.320068359375,21711.380859375
2019-04-12,7437.10009765625,11999.9296875,2907.409912109375,21870.560546875
2019-04-15,7436.89990234375,12020.2802734375,2905.580078125,22169.109375
2019-04-16,7469.89990234375,12101.3203125,2907.06005859375,22221.66015625
2019-04-17,7471.2998046875,12153.0703125,2900.449951171875,22277.970703125
2019-04-18,7459.89990234375,12222.3896484375,2905.030029296875,22090.119140625
2019-04-19,7459.89990234375,12222.3896484375,2905.030029296875,22200.560546875
2019-04-22,7459.89990234375,12222.3896484375,2907.969970703125,22217.900390625
2019-04-23,7523.10009765625,12235.509765625,2933.679931640625,22259.740234375
2019-04-24,7471.7998046875,12313.16015625,2927.25,22200.0
2019-04-25,7434.10009765625,12282.599609375,2926.169921875,22307.580078125
2019-04-26,7428.2001953125,12315.1796875,2939.8798828125,22258.73046875
2019-04-29,7440.7001953125,12328.01953125,2943.030029296875,22258.73046875
2019-04-30,7418.2001953125,12344.080078125,2945.830078125,22258.73046875
2019-05-01,7385.2998046875,12344.080078125,2923.72998046875,22258.73046875
2019-05-02,7351.2998046875,12345.419921875,2917.52001953125,22258.73046875
2019-05-03,7380.60009765625,12412.75,2945.639892578125,22258.73046875
2019-05-06,7380.60009765625,12286.8798828125,2932.469970703125,22258.73046875
2019-05-07,7260.5,12092.740234375,2884.050048828125,21923.720703125
2019-05-08,7271.0,12179.9296875,2879.419921875,21602.58984375
2019-05-09,7207.39990234375,11973.919921875,2870.719970703125,21402.130859375
2019-05-10,7203.2998046875,12059.830078125,2881.39990234375,21344.919921875
2019-05-13,7163.7001953125,11876.650390625,2811.8701171875,21191.279296875
2019-05-14,7241.60009765625,11991.6201171875,2834.409912109375,21067.23046875
2019-05-15,7297.0,12099.5703125,2850.9599609375,21188.560546875
2019-05-16,7353.5,12310.3701171875,2876.320068359375,21062.98046875
2019-05-17,7348.60009765625,12238.9404296875,2859.530029296875,21250.08984375
2019-05-20,7310.89990234375,12041.2900390625,2840.22998046875,21301.73046875
2019-05-21,7328.89990234375,12143.4697265625,2864.360107421875,21272.44921875
2019-05-22,7334.2001953125,12168.740234375,2856.27001953125,21283.369140625
2019-05-23,7231.0,11952.41015625,2822.239990234375,21151.140625
2019-05-24,7277.7001953125,12011.0400390625,2826.06005859375,21117.220703125
2019-05-27,7277.7001953125,12071.1796875,2826.06005859375,21182.580078125
2019-05-28,7269.0,12027.0498046875,2802.389892578125,21260.140625
2019-05-29,7185.2998046875,11837.8095703125,2783.02001953125,21003.369140625
2019-05-30,7218.2001953125,11902.080078125,2788.860107421875,20942.529296875
2019-05-31,7161.7001953125,11726.83984375,2752.06005859375,20601.189453125
2019-06-03,7184.7998046875,11792.8095703125,2744.449951171875,20410.880859375
2019-06-04,7214.2998046875,11971.169921875,2803.27001953125,20408.5390625
2019-06-05,7220.2001953125,11980.8095703125,2826.14990234375,20776.099609375
2019-06-06,7259.89990234375,11953.1396484375,2843.489990234375,20774.0390625
2019-06-07,7331.89990234375,12045.3798828125,2873.340087890625,20884.7109375
2019-06-10,7375.5,12045.3798828125,2886.72998046875,21134.419921875
2019-06-11,7398.5,12155.8095703125,2885.719970703125,21204.279296875
2019-06-12,7367.60009765625,12115.6796875,2879.840087890625,21129.720703125
2019-06-13,7368.60009765625,12169.0498046875,2891.639892578125,21032.0
2019-06-14,7345.7998046875,12096.400390625,2886.97998046875,21116.890625
2019-06-17,7357.2998046875,12085.8203125,2889.669921875,21124.0
2019-06-18,7443.0,12331.75,2917.75,20972.7109375
2019-06-19,7403.5,12308.5302734375,2926.4599609375,21333.869140625
2019-06-20,7424.39990234375,12355.3896484375,2954.179931640625,21462.859375
2019-06-21,7407.5,12339.919921875,2950.4599609375,21258.640625
2019-06-24,7416.7001953125,12274.5703125,2945.35009765625,21285.990234375
2019-06-25,7422.39990234375,12228.4404296875,2917.3798828125,21193.810546875
2019-06-26,7416.39990234375,12245.3203125,2913.780029296875,21086.58984375
2019-06-27,7402.2998046875,12271.0302734375,2924.919921875,21338.169921875
2019-06-28,7425.60009765625,12398.7998046875,2941.760009765625,21275.919921875
2019-07-01,7497.5,12521.3798828125,2964.330078125,21729.970703125
2019-07-02,7559.2001953125,12526.7197265625,2973.010009765625,21754.26953125
2019-07-03,7609.2998046875,12616.240234375,2995.820068359375,21638.16015625
2019-07-04,7603.60009765625,12629.900390625,2995.820068359375,21702.44921875
2019-07-05,7553.10009765625,12568.5302734375,2990.409912109375,21746.380859375
2019-07-08,7549.2998046875,12543.509765625,2975.949951171875,21534.349609375
2019-07-09,7536.5,12436.5498046875,2979.6298828125,21565.150390625
2019-07-10,7530.7001953125,12373.41015625,2993.070068359375,21533.48046875
2019-07-11,7509.7998046875,12332.1201171875,2999.909912109375,21643.529296875
2019-07-12,7506.0,12323.3203125,3013.77001953125,21685.900390625
2019-07-15,7531.7001953125,12387.33984375,3014.300048828125,21685.900390625
2019-07-16,7577.2001953125,12430.9697265625,3004.0400390625,21535.25
2019-07-17,7535.5,12341.0302734375,2984.419921875,21469.1796875
2019-07-18,7493.10009765625,12227.849609375,2995.110107421875,21046.240234375
2019-07-19,7508.7001953125,12260.0703125,2976.610107421875,21466.990234375
2019-07-22,7514.89990234375,12289.400390625,2985.030029296875,21416.7890625
2019-07-23,7556.89990234375,12490.740234375,3005.469970703125,21620.880859375
2019-07-24,7501.5,12522.8896484375,3019.56005859375,21709.5703125
2019-07-25,7489.10009765625,12362.099609375,3003.669921875,21756.55078125
2019-07-26,7549.10009765625,12419.900390625,3025.860107421875,21658.150390625
2019-07-29,7686.60009765625,12417.4697265625,3020.969970703125,21616.80078125
2019-07-30,7646.7998046875,12147.240234375,3013.179931640625,21709.310546875
2019-07-31,7586.7998046875,12189.0400390625,2980.3798828125,21521.529296875
2019-08-01,7584.89990234375,12253.150390625,2953.56005859375,21540.990234375
2019-08-02,7407.10009765625,11872.4404296875,2932.050048828125,21087.16015625
2019-08-05,7223.89990234375,11658.509765625,2844.739990234375,20720.2890625
2019-08-06,7171.7001953125,11567.9599609375,2881.77001953125,20585.310546875
2019-08-07,7198.7001953125,11650.150390625,2883.97998046875,20516.560546875
2019-08-08,7285.89990234375,11845.41015625,2938.090087890625,20593.349609375
2019-08-09,7253.89990234375,11693.7998046875,2918.64990234375,20684.8203125
2019-08-12,7226.7001953125,11679.6796875,2882.699951171875,20684.8203125
2019-08-13,7250.89990234375,11750.1298828125,2926.320068359375,20455.439453125
2019-08-14,7147.89990234375,11492.66015625,2840.60009765625,20655.130859375
2019-08-15,7067.0,11412.669921875,2847.60009765625,20405.650390625
2019-08-16,7117.2001953125,11562.740234375,2888.679931640625,20418.810546875
2019-08-19,7189.7001953125,11715.3701171875,2923.64990234375,20563.16015625
2019-08-20,7125.0,11651.1796875,2900.510009765625,20677.220703125
2019-08-21,7204.0,11802.849609375,2924.429931640625,20618.5703125
2019-08-22,7128.2001953125,11747.0400390625,2922.949951171875,20628.009765625
2019-08-23,7095.0,11611.509765625,2847.110107421875,20710.91015625
2019-08-26,7095.0,11658.0400390625,2878.3798828125,20261.0390625
2019-08-27,7089.60009765625,11730.01953125,2869.159912109375,20456.080078125
2019-08-28,7114.7001953125,11701.01953125,2887.93994140625,20479.419921875
2019-08-29,7184.2998046875,11838.8798828125,2924.580078125,20460.9296875
2019-08-30,7207.2001953125,11939.2802734375,2926.4599609375,20704.369140625
2019-09-02,7281.89990234375,11953.7802734375,2926.4599609375,20620.189453125
2019-09-03,7268.2001953125,11910.8603515625,2906.27001953125,20625.16015625
2019-09-04,7311.2998046875,12025.0400390625,2937.780029296875,20649.140625
2019-09-05,7271.2001953125,12126.7802734375,2976.0,21085.939453125
2019-09-06,7282.2998046875,12191.73046875,2978.7099609375,21199.5703125
2019-09-09,7235.7998046875,12226.099609375,2978.429931640625,21318.419921875
2019-09-10,7268.0,12268.7099609375,2979.389892578125,21392.099609375
2019-09-11,7338.0,12359.0703125,3000.929931640625,21597.759765625
2019-09-12,7344.7001953125,12410.25,3009.570068359375,21759.609375
2019-09-13,7367.5,12468.5302734375,3007.389892578125,21988.2890625
2019-09-16,7321.39990234375,12380.3095703125,2997.9599609375,21988.2890625
2019-09-17,7320.39990234375,12372.6103515625,3005.699951171875,22001.3203125
2019-09-18,7314.10009765625,12389.6201171875,3006.72998046875,21960.7109375
2019-09-19,7356.39990234375,12457.7001953125,3006.7900390625,22044.44921875
2019-09-20,7344.89990234375,12468.009765625,2992.070068359375,22079.08984375
2019-09-23,7326.10009765625,12342.330078125,2991.780029296875,22079.08984375
2019-09-24,7291.39990234375,12307.150390625,2966.60009765625,22098.83984375
2019-09-25,7290.0,12234.1796875,2984.8701171875,22020.150390625
2019-09-26,7351.10009765625,12288.5400390625,2977.6201171875,22048.240234375
2019-09-27,7426.2001953125,12380.9404296875,2961.7900390625,21878.900390625
2019-09-30,7408.2001953125,12428.080078125,2976.739990234375,21755.83984375
2019-10-01,7360.2998046875,12263.830078125,2940.25,21885.240234375
2019-10-02,7122.5,11925.25,2887.610107421875,21778.609375
2019-10-03,7077.60009765625,11925.25,2910.6298828125,21341.740234375
2019-10-04,7155.39990234375,12012.8095703125,2952.010009765625,21410.19921875
2019-10-07,7197.89990234375,12097.4296875,2938.7900390625,21375.25
2019-10-08,7143.2001953125,11970.2001953125,2893.06005859375,21587.779296875
2019-10-09,7166.5,12094.259765625,2919.39990234375,21456.380859375
2019-10-10,7186.39990234375,12164.2001953125,2938.1298828125,21551.98046875
2019-10-11,7247.10009765625,12511.650390625,2970.27001953125,21798.869140625
2019-10-14,7213.5,12486.5595703125,2966.14990234375,21798.869140625
2019-10-15,7211.60009765625,12629.7900390625,2995.679931640625,22207.2109375
2019-10-16,7168.0,12670.1103515625,2989.68994140625,22472.919921875
2019-10-17,7182.2998046875,12654.9501953125,2997.949951171875,22451.859375
2019-10-18,7150.60009765625,12633.599609375,2986.199951171875,22492.6796875
2019-10-21,7163.60009765625,12747.9599609375,3006.719970703125,22548.900390625
2019-10-22,7212.5,12754.6904296875,2995.989990234375,22548.900390625
2019-10-23,7260.7001953125,12798.1904296875,3004.52001953125,22625.380859375
2019-10-24,7328.2998046875,12872.099609375,3010.2900390625,22750.599609375
2019-10-25,7324.5,12894.509765625,3022.550048828125,22799.810546875
2019-10-28,7331.2998046875,12941.7099609375,3039.419921875,22867.26953125
2019-10-29,7306.2998046875,12939.6201171875,3036.889892578125,22974.130859375
2019-10-30,7330.7998046875,12910.23046875,3046.77001953125,22843.119140625
2019-10-31,7248.39990234375,12866.7900390625,3037.56005859375,22927.0390625
2019-11-01,7302.39990234375,12961.0498046875,3066.909912109375,22850.76953125
2019-11-04,7369.7001953125,13136.2802734375,3078.27001953125,22850.76953125
2019-11-05,7388.10009765625,13148.5,3074.6201171875,23251.990234375
2019-11-06,7396.7001953125,13179.8896484375,3076.780029296875,23303.8203125
2019-11-07,7406.39990234375,13289.4599609375,3085.179931640625,23330.3203125
2019-11-08,7359.39990234375,13228.5595703125,3093.080078125,23391.869140625
2019-11-11,7328.5,13198.3701171875,3087.010009765625,23331.83984375
2019-11-12,7365.39990234375,13283.509765625,3091.840087890625,23520.009765625
2019-11-13,7351.2001953125,13230.0703125,3094.0400390625,23319.869140625
2019-11-14,7292.7998046875,13180.23046875,3096.6298828125,23141.55078125
2019-11-15,7302.89990234375,13241.75,3120.4599609375,23303.3203125
2019-11-18,7307.7001953125,13207.009765625,3122.030029296875,23416.759765625
2019-11-19,7323.7998046875,13221.1201171875,3120.179931640625,23292.650390625
2019-11-20,7262.5,13158.1396484375,3108.4599609375,23148.5703125
2019-11-21,7238.60009765625,13137.7001953125,3103.5400390625,23038.580078125
2019-11-22,7326.7998046875,13163.8798828125,3110.2900390625,23112.880859375
2019-11-25,7396.2998046875,13246.4501953125,3133.639892578125,23292.810546875
2019-11-26,7403.10009765625,13236.419921875,3140.52001953125,23373.3203125
2019-11-27,7429.7998046875,13287.0703125,3153.6298828125,23437.76953125
2019-11-28,7416.39990234375,13245.580078125,3153.6298828125,23409.140625
2019-11-29,7346.5,13236.3798828125,3140.97998046875,23293.91015625
2019-12-02,7285.89990234375,12964.6796875,3113.8701171875,23529.5
2019-12-03,7158.7998046875,12989.2900390625,3093.199951171875,23379.810546875
2019-12-04,7188.5,13140.5703125,3112.760009765625,23135.23046875
2019-12-05,7137.89990234375,13054.7998046875,3117.429931640625,23300.08984375
2019-12-06,7239.7001953125,13166.580078125,3145.909912109375,23354.400390625
2019-12-09,7233.89990234375,13105.6103515625,3135.9599609375,23430.69921875
2019-12-10,7213.7998046875,13070.7197265625,3132.52001953125,23410.189453125
2019-12-11,7216.2998046875,13146.740234375,3141.6298828125,23391.859375
2019-12-12,7273.5,13221.6396484375,3168.570068359375,23424.810546875
2019-12-13,7353.39990234375,13282.7197265625,3168.800048828125,24023.099609375
2019-12-16,7519.10009765625,13407.66015625,3191.449951171875,23952.349609375
2019-12-17,7525.2998046875,13287.830078125,3192.52001953125,24066.119140625
2019-12-18,7540.7998046875,13222.16015625,3191.139892578125,23934.4296875
2019-12-19,7573.7998046875,13211.9599609375,3205.3701171875,23864.849609375
2019-12-20,7582.5,13318.900390625,3221.219970703125,23816.630859375
2019-12-23,7623.60009765625,13300.98046875,3224.010009765625,23821.109375
2019-12-24,7632.2001953125,13300.98046875,3223.3798828125,23830.580078125
2019-12-25,7632.2001953125,13300.98046875,3223.3798828125,23782.869140625
2019-12-26,7632.2001953125,13300.98046875,3239.909912109375,23924.919921875
2019-12-27,7644.89990234375,13337.1103515625,3240.02001953125,23837.720703125
2019-12-30,7587.10009765625,13249.009765625,3221.2900390625,23656.619140625
2019-12-31,7542.39990234375,13249.009765625,3230.780029296875,23656.619140625
2020-01-01,7542.39990234375,13249.009765625,3230.780029296875,23656.619140625
2020-01-02,7604.2998046875,13385.9296875,3257.85009765625,23656.619140625
2020-01-03,7622.39990234375,13219.1396484375,3234.85009765625,23656.619140625
2020-01-06,7575.2998046875,13126.990234375,3246.280029296875,23204.859375
2020-01-07,7573.89990234375,13226.830078125,3237.179931640625,23575.720703125
2020-01-08,7574.89990234375,13320.1796875,3253.050048828125,23204.759765625
2020-01-09,7598.10009765625,13495.0595703125,3274.699951171875,23739.869140625
2020-01-10,7587.89990234375,13483.3095703125,3265.35009765625,23850.5703125
2020-01-13,7617.60009765625,13451.51953125,3288.1298828125,23850.5703125
2020-01-14,7622.39990234375,13456.490234375,3283.14990234375,24025.169921875
2020-01-15,7642.7998046875,13432.2998046875,3289.2900390625,23916.580078125
2020-01-16,7609.7998046875,13429.4296875,3316.81005859375,23933.130859375
2020-01-17,7674.60009765625,13526.1298828125,3329.6201171875,24041.259765625
2020-01-20,7651.39990234375,13548.9404296875,3329.6201171875,24083.509765625
2020-01-21,7610.7001953125,13555.8701171875,3320.7900390625,23864.560546875
2020-01-22,7571.89990234375,13515.75,3321.75,24031.349609375
2020-01-23,7507.7001953125,13388.419921875,3325.5400390625,23795.439453125
2020-01-24,7586.0,13576.6796875,3295.469970703125,23827.1796875
2020-01-27,7412.10009765625,13204.76953125,3243.6298828125,23343.509765625
2020-01-28,7480.7001953125,13323.6904296875,3276.239990234375,23215.7109375
2020-01-29,7483.60009765625,13345.0,3273.39990234375,23379.400390625
2020-01-30,7382.0,13157.1201171875,3283.659912109375,22977.75
2020-01-31,7286.0,12981.9697265625,3225.52001953125,23205.1796875
2020-02-03,7326.2998046875,13045.1904296875,3248.919921875,22971.939453125
2020-02-04,7439.7998046875,13281.740234375,3297.590087890625,23084.58984375
2020-02-05,7482.5,13478.330078125,3334.68994140625,23319.560546875
2020-02-06,7504.7998046875,13574.8203125,3345.780029296875,23873.58984375
2020-02-07,7466.7001953125,13513.8095703125,3327.7099609375,23827.98046875
2020-02-10,7446.89990234375,13494.0302734375,3352.090087890625,23685.98046875
2020-02-11,7499.39990234375,13627.83984375,3357.75,23685.98046875
2020-02-12,7534.39990234375,13749.7802734375,3379.449951171875,23861.2109375
2020-02-13,7452.0,13745.4296875,3373.93994140625,23827.73046875
2020-02-14,7409.10009765625,13744.2099609375,3380.159912109375,23687.58984375
2020-02-17,7433.2998046875,13783.8896484375,3380.159912109375,23523.240234375
2020-02-18,7382.0,13681.1904296875,3370.2900390625,23193.80078125
2020-02-19,7457.0,13789.0,3386.14990234375,23400.69921875
2020-02-20,7436.60009765625,13664.0,3373.22998046875,23479.150390625
2020-02-21,7403.89990234375,13579.330078125,3337.75,23386.740234375
2020-02-24,7156.7998046875,13035.240234375,3225.889892578125,23386.740234375
2020-02-25,7017.89990234375,12790.490234375,3128.2099609375,22605.41015625
2020-02-26,7042.5,12774.8798828125,3116.389892578125,22426.189453125
2020-02-27,6796.39990234375,12367.4599609375,2978.760009765625,21948.23046875
2020-02-28,6580.60009765625,11890.349609375,2954.219970703125,21142.9609375
2020-03-02,6654.89990234375,11857.8701171875,3090.22998046875,21344.080078125
2020-03-03,6718.2001953125,11985.3896484375,3003.3701171875,21082.73046875
2020-03-04,6815.60009765625,12127.6904296875,3130.1201171875,21100.060546875
2020-03-05,6705.39990234375,11944.7197265625,3023.93994140625,21329.119140625
2020-03-06,6462.60009765625,11541.8701171875,2972.3701171875,20749.75
2020-03-09,5965.7998046875,10625.01953125,2746.56005859375,19698.759765625
2020-03-10,5960.2001953125,10475.490234375,2882.22998046875,19867.119140625
2020-03-11,5876.5,10438.6796875,2741.3798828125,19416.060546875
2020-03-12,5237.5,9161.1298828125,2480.639892578125,18559.630859375
2020-03-13,5366.10009765625,9232.080078125,2711.02001953125,17431.05078125
2020-03-16,5151.10009765625,8742.25,2386.1298828125,17002.0390625
2020-03-17,5294.89990234375,8939.099609375,2529.18994140625,17011.529296875
2020-03-18,5080.60009765625,8441.7099609375,2398.10009765625,16726.55078125
2020-03-19,5151.60009765625,8610.4296875,2409.389892578125,16552.830078125
2020-03-20,5190.7998046875,8928.9501953125,2304.919921875,16552.830078125
2020-03-23,4993.89990234375,8741.150390625,2237.39990234375,16887.779296875
2020-03-24,5446.0,9700.5703125,2447.330078125,18092.349609375
2020-03-25,5688.2001953125,9874.259765625,2475.56005859375,19546.630859375
2020-03-26,5815.7001953125,10000.9599609375,2630.070068359375,18664.599609375
2020-03-27,5510.2998046875,9632.51953125,2541.469970703125,19389.4296875
2020-03-30,5563.7001953125,9815.9697265625,2626.64990234375,19084.970703125
2020-03-31,5672.0,9935.83984375,2584.590087890625,18917.009765625
2020-04-01,5454.60009765625,9544.75,2470.5,18065.41015625
2020-04-02,5480.2001953125,9570.8203125,2526.89990234375,17818.720703125
2020-04-03,5415.5,9525.76953125,2488.64990234375,17820.189453125
2020-04-06,5582.39990234375,10075.169921875,2663.679931640625,18576.30078125
2020-04-07,5704.5,10356.7001953125,2659.409912109375,18950.1796875
2020-04-08,5677.7001953125,10332.8896484375,2749.97998046875,19353.240234375
2020-04-09,5842.7001953125,10564.740234375,2789.820068359375,19345.76953125
2020-04-10,5842.7001953125,10564.740234375,2789.820068359375,19498.5
2020-04-13,5842.7001953125,10564.740234375,2761.6298828125,19043.400390625
2020-04-14,5791.2998046875,10696.5595703125,2846.06005859375,19638.810546875
2020-04-15,5597.7001953125,10279.759765625,2783.360107421875,19550.08984375
2020-04-16,5628.39990234375,10301.5400390625,2799.550048828125,19290.19921875
2020-04-17,5787.0,10625.7802734375,2874.56005859375,19897.259765625
2020-04-20,5812.7998046875,10675.900390625,2823.159912109375,19669.119140625
2020-04-21,5641.0,10249.849609375,2736.56005859375,19280.779296875
2020-04-22,5770.60009765625,10415.0302734375,2799.31005859375,19137.94921875
2020-04-23,5826.60009765625,10513.7900390625,2797.800048828125,19429.439453125
2020-04-24,5752.2001953125,10336.08984375,2836.739990234375,19262.0
2020-04-27,5846.7998046875,10659.990234375,2878.47998046875,19783.220703125
2020-04-28,5958.5,10795.6298828125,2863.389892578125,19771.189453125
2020-04-29,6115.2998046875,11107.740234375,2939.510009765625,19771.189453125
2020-04-30,5901.2001953125,10861.6396484375,2912.429931640625,20193.689453125
2020-05-01,5763.10009765625,10861.6396484375,2830.7099609375,19619.349609375
2020-05-04,5753.7998046875,10466.7998046875,2842.739990234375,19619.349609375
2020-05-05,5849.39990234375,10729.4599609375,2868.43994140625,19619.349609375
2020-05-06,5853.7998046875,10606.2001953125,2848.419921875,19619.349609375
2020-05-07,5936.0,10759.26953125,2881.18994140625,19674.76953125
2020-05-08,5936.0,10904.48046875,2929.800048828125,20179.08984375
2020-05-11,5939.7001953125,10824.990234375,2930.18994140625,20390.66015625
2020-05-12,5994.7998046875,10819.5,2870.1201171875,20366.48046875
2020-05-13,5904.10009765625,10542.66015625,2820.0,20267.05078125
2020-05-14,5741.5,10337.01953125,2852.5,19914.779296875
2020-05-15,5799.7998046875,10465.169921875,2863.699951171875,20037.470703125
2020-05-18,6048.60009765625,11058.8701171875,2953.909912109375,20133.73046875
2020-05-19,6002.2001953125,11075.2900390625,2922.93994140625,20433.44921875
2020-05-20,6067.2001953125,11223.7099609375,2971.610107421875,20595.150390625
2020-05-21,6015.2998046875,11065.9296875,2948.510009765625,20552.310546875
2020-05-22,5993.2998046875,11073.8701171875,2955.449951171875,20388.16015625
2020-05-25,5993.2998046875,11391.2802734375,2955.449951171875,20741.650390625
2020-05-26,6067.7998046875,11504.650390625,2991.77001953125,21271.169921875
2020-05-27,6144.2998046875,11657.6904296875,3036.1298828125,21419.23046875
2020-05-28,6218.7998046875,11781.1298828125,3029.72998046875,21916.310546875
2020-05-29,6076.60009765625,11586.849609375,3044.31005859375,21877.890625
2020-06-01,6166.39990234375,11586.849609375,3055.72998046875,22062.390625
2020-06-02,6220.10009765625,12021.2802734375,3080.820068359375,22325.609375
2020-06-03,6382.39990234375,12487.3603515625,3122.8701171875,22613.759765625
2020-06-04,6341.39990234375,12430.5595703125,3112.35009765625,22695.740234375
2020-06-05,6484.2998046875,12847.6796875,3193.929931640625,22863.73046875
2020-06-08,6472.60009765625,12819.58984375,3232.389892578125,23178.099609375
2020-06-09,6335.7001953125,12617.990234375,3207.179931640625,23091.029296875
2020-06-10,6329.10009765625,12530.16015625,3190.139892578125,23124.94921875
2020-06-11,6076.7001953125,11970.2900390625,3002.10009765625,22472.91015625
2020-06-12,6105.2001953125,11949.2802734375,3041.31005859375,22305.48046875
2020-06-15,6064.7001953125,11911.349609375,3066.590087890625,21530.94921875
2020-06-16,6242.7998046875,12315.66015625,3124.739990234375,22582.2109375
2020-06-17,6253.2998046875,12382.1396484375,3113.489990234375,22455.759765625
2020-06-18,6224.10009765625,12281.5302734375,3115.340087890625,22355.4609375
2020-06-19,6292.60009765625,12330.759765625,3097.739990234375,22478.7890625
2020-06-22,6244.60009765625,12262.9697265625,3117.860107421875,22437.26953125
2020-06-23,6320.10009765625,12523.759765625,3131.2900390625,22549.05078125
2020-06-24,6123.7001953125,12093.9404296875,3050.330078125,22534.3203125
2020-06-25,6147.10009765625,12177.8701171875,3083.760009765625,22259.7890625
2020-06-26,6159.2998046875,12089.3896484375,3009.050048828125,22512.080078125
2020-06-29,6225.7998046875,12232.1201171875,3053.239990234375,21995.0390625
2020-06-30,6169.7001953125,12310.9296875,3100.2900390625,22288.140625
2020-07-01,6158.0,12260.5703125,3115.860107421875,22121.73046875
2020-07-02,6240.39990234375,12608.4599609375,3130.010009765625,22145.9609375
2020-07-03,6157.2998046875,12528.1796875,3130.010009765625,22306.48046875
2020-07-06,6285.89990234375,12733.4501953125,3179.719970703125,22714.439453125
2020-07-07,6189.89990234375,12616.7998046875,3145.320068359375,22614.689453125
2020-07-08,6156.2001953125,12494.8095703125,3169.93994140625,22438.650390625
2020-07-09,6049.60009765625,12489.4599609375,3152.050048828125,22529.2890625
2020-07-10,6095.39990234375,12633.7099609375,3185.0400390625,22290.810546875
2020-07-13,6176.2001953125,12799.9697265625,3155.219970703125,22784.740234375
2020-07-14,6179.7998046875,12697.3603515625,3197.52001953125,22587.009765625
2020-07-15,6292.7001953125,12930.98046875,3226.56005859375,22945.5
2020-07-16,6250.7001953125,12874.9697265625,3215.570068359375,22770.359375
2020-07-17,6290.2998046875,12919.6103515625,3224.72998046875,22696.419921875
2020-07-20,6261.5,13046.919921875,3251.840087890625,22717.48046875
2020-07-21,6269.7001953125,13171.830078125,3257.300048828125,22884.220703125
2020-07-22,6207.10009765625,13104.25,3276.02001953125,22751.609375
2020-07-23,6211.39990234375,13103.3896484375,3235.659912109375,22751.609375
2020-07-24,6123.7998046875,12838.0595703125,3215.6298828125,22751.609375
2020-07-27,6104.89990234375,12838.66015625,3239.409912109375,22715.849609375
2020-07-28,6129.2998046875,12835.2802734375,3218.43994140625,22657.380859375
2020-07-29,6131.5,12822.259765625,3258.43994140625,22397.109375
2020-07-30,5990.0,12379.650390625,3246.219970703125,22339.23046875
2020-07-31,5897.7998046875,12313.3603515625,3271.1201171875,21710.0
2020-08-03,6032.89990234375,12646.98046875,3294.610107421875,22195.380859375
2020-08-04,6036.0,12600.8701171875,3306.510009765625,22573.66015625
2020-08-05,6104.7001953125,12660.25,3327.77001953125,22514.849609375
2020-08-06,6026.89990234375,12591.6796875,3349.159912109375,22418.150390625
2020-08-07,6032.2001953125,12674.8798828125,3351.280029296875,22329.939453125
2020-08-10,6050.60009765625,12687.5302734375,3360.469970703125,22329.939453125
2020-08-11,6154.2998046875,12946.8896484375,3333.68994140625,22750.240234375
2020-08-12,6280.10009765625,13058.6298828125,3380.35009765625,22843.9609375
2020-08-13,6185.60009765625,12993.7099609375,3373.429931640625,23249.609375
2020-08-14,6090.0,12901.33984375,3372.85009765625,23289.359375
2020-08-17,6127.39990234375,12920.66015625,3381.989990234375,23096.75
2020-08-18,6076.60009765625,12881.759765625,3389.780029296875,23051.080078125
2020-08-19,6112.0,12977.330078125,3374.85009765625,23110.609375
2020-08-20,6013.2998046875,12830.0,3385.510009765625,22880.619140625
2020-08-21,6001.89990234375,12764.7998046875,3397.159912109375,22920.30078125
2020-08-24,6104.7001953125,13066.5400390625,3431.280029296875,22985.509765625
2020-08-25,6037.0,13061.6201171875,3443.6201171875,23296.76953125
2020-08-26,6045.60009765625,13190.150390625,3478.72998046875,23290.859375
2020-08-27,6000.0,13096.3603515625,3484.550048828125,23208.859375
2020-08-28,5963.60009765625,13033.2001953125,3508.010009765625,22882.650390625
2020-08-31,5963.60009765625,12945.3798828125,3500.31005859375,23139.759765625
2020-09-01,5862.10009765625,12974.25,3526.64990234375,23138.0703125
2020-09-02,5941.0,13243.4296875,3580.840087890625,23247.150390625
2020-09-03,5850.89990234375,13057.76953125,3455.06005859375,23465.529296875
2020-09-04,5799.10009765625,12842.66015625,3426.9599609375,23205.4296875
2020-09-07,5937.39990234375,13100.2802734375,3426.9599609375,23089.94921875
2020-09-08,5930.2998046875,12968.330078125,3331.840087890625,23274.130859375
2020-09-09,6012.7998046875,13237.2099609375,3398.9599609375,23032.5390625
2020-09-10,6003.2998046875,13208.8896484375,3339.18994140625,23235.470703125
2020-09-11,6032.10009765625,13202.83984375,3340.969970703125,23406.490234375
2020-09-14,6026.2998046875,13193.66015625,3383.5400390625,23559.30078125
2020-09-15,6105.5,13217.669921875,3401.199951171875,23454.890625
2020-09-16,6078.5,13255.3701171875,3385.489990234375,23475.529296875
2020-09-17,6049.89990234375,13208.1201171875,3357.010009765625,23319.369140625
2020-09-18,6007.10009765625,13116.25,3319.469970703125,23360.30078125
2020-09-21,5804.2998046875,12542.4404296875,3281.06005859375,23360.30078125
2020-09-22,5829.5,12594.3896484375,3315.570068359375,23360.30078125
2020-09-23,5899.2998046875,12642.9697265625,3236.919921875,23346.490234375
2020-09-24,5822.7998046875,12606.5703125,3246.590087890625,23087.8203125
2020-09-25,5842.7001953125,12469.2001953125,3298.4599609375,23204.619140625
2020-09-28,5927.89990234375,12870.8701171875,3351.60009765625,23511.619140625
2020-09-29,5897.5,12825.8203125,3335.469970703125,23539.099609375
2020-09-30,5866.10009765625,12760.73046875,3363.0,23185.119140625
2020-10-01,5879.5,12730.76953125,3380.800048828125,23185.119140625
2020-10-02,5902.10009765625,12689.0400390625,3348.419921875,23029.900390625
2020-10-05,5942.89990234375,12828.3095703125,3408.60009765625,23312.140625
2020-10-06,5949.89990234375,12906.01953125,3360.969970703125,23433.73046875
2020-10-07,5946.2998046875,12928.5703125,3419.43994140625,23422.8203125
2020-10-08,5978.0,13042.2099609375,3446.830078125,23647.0703125
2020-10-09,6016.7001953125,13051.23046875,3477.139892578125,23619.689453125
2020-10-12,6001.39990234375,13138.41015625,3534.219970703125,23558.689453125
2020-10-13,5969.7001953125,13018.990234375,3511.929931640625,23601.779296875
2020-10-14,5935.10009765625,13028.0595703125,3488.669921875,23626.73046875
2020-10-15,5832.5,12703.75,3483.340087890625,23507.23046875
2020-10-16,5919.60009765625,12908.990234375,3483.81005859375,23410.630859375
2020-10-19,5884.7001953125,12854.66015625,3426.919921875,23671.130859375
2020-10-20,5889.2001953125,12736.9501953125,3443.1201171875,23567.0390625
2020-10-21,5776.5,12557.6396484375,3435.56005859375,23639.4609375
2020-10-22,5785.7001953125,12543.0595703125,3453.489990234375,23474.26953125
2020-10-23,5860.2998046875,12645.75,3465.389892578125,23516.58984375
2020-10-26,5792.0,12177.1796875,3400.969970703125,23494.33984375
2020-10-27,5729.0,12063.5703125,3390.679931640625,23485.80078125
2020-10-28,5582.7998046875,11560.509765625,3271.030029296875,23418.509765625
2020-10-29,5581.7998046875,11598.0703125,3310.110107421875,23331.939453125
2020-10-30,5577.2998046875,11556.48046875,3269.9599609375,22977.130859375
2020-11-02,5655.0,11788.2802734375,3310.239990234375,23295.48046875
2020-11-03,5786.7998046875,12088.98046875,3369.159912109375,23295.48046875
2020-11-04,5883.2998046875,12324.2197265625,3443.43994140625,23695.23046875
2020-11-05,5906.2001953125,12568.08984375,3510.449951171875,24105.279296875
2020-11-06,5910.0,12480.01953125,3509.43994140625,24325.23046875
2020-11-09,6186.2998046875,13095.9697265625,3550.5,24839.83984375
2020-11-10,6296.89990234375,13163.1103515625,3545.530029296875,24905.58984375
2020-11-11,6382.10009765625,13216.1796875,3572.659912109375,25349.599609375
2020-11-12,6338.89990234375,13052.9501953125,3537.010009765625,25520.880859375
2020-11-13,6316.39990234375,13076.7197265625,3585.14990234375,25385.869140625
2020-11-16,6421.2998046875,13138.6103515625,3626.909912109375,25906.9296875
2020-11-17,6365.2998046875,13133.4697265625,3609.530029296875,26014.619140625
2020-11-18,6385.2001953125,13201.8896484375,3567.7900390625,25728.140625
2020-11-19,6334.39990234375,13086.16015625,3581.8701171875,25634.33984375
2020-11-20,6351.5,13137.25,3557.5400390625,25527.369140625
2020-11-23,6333.7998046875,13126.9697265625,3577.590087890625,25527.369140625
2020-11-24,6432.2001953125,13292.4404296875,3635.409912109375,26165.58984375
2020-11-25,6391.10009765625,13289.7998046875,3629.64990234375,26296.859375
2020-11-26,6362.89990234375,13286.5703125,3629.64990234375,26537.310546875
2020-11-27,6367.60009765625,13335.6796875,3638.35009765625,26644.7109375
2020-11-30,6266.2001953125,13291.16015625,3621.6298828125,26433.619140625
2020-12-01,6384.7001953125,13382.2998046875,3662.449951171875,26787.5390625
2020-12-02,6463.39990234375,13313.240234375,3669.010009765625,26800.98046875
2020-12-03,6490.2998046875,13252.8603515625,3666.719970703125,26809.369140625
2020-12-04,6550.2001953125,13298.9599609375,3699.1201171875,26751.240234375
2020-12-07,6555.39990234375,13271.0,3691.9599609375,26547.439453125
2020-12-08,6558.7998046875,13278.490234375,3702.25,26467.080078125
2020-12-09,6564.2998046875,13340.259765625,3672.820068359375,26817.939453125
2020-12-10,6599.7998046875,13295.73046875,3668.10009765625,26756.240234375
2020-12-11,6546.7998046875,13114.2998046875,3663.4599609375,26652.51953125
2020-12-14,6531.7998046875,13223.16015625,3647.489990234375,26732.439453125
2020-12-15,6513.2998046875,13362.8701171875,3694.6201171875,26687.83984375
2020-12-16,6570.89990234375,13565.98046875,3701.169921875,26757.400390625
2020-12-17,6551.10009765625,13667.25,3722.47998046875,26806.669921875
2020-12-18,6529.2001953125,13630.509765625,3709.409912109375,26763.390625
2020-12-21,6416.2998046875,13246.2998046875,3694.919921875,26714.419921875
2020-12-22,6416.2998046875,13418.1103515625,3687.260009765625,26436.390625
2020-12-23,6495.7998046875,13587.23046875,3690.010009765625,26524.7890625
2020-12-24,6502.10009765625,13587.23046875,3703.06005859375,26668.349609375
2020-12-25,6502.10009765625,13587.23046875,3703.06005859375,26656.609375
2020-12-28,6502.10009765625,13790.2900390625,3735.360107421875,26854.029296875
2020-12-29,6602.7001953125,13761.3798828125,3727.0400390625,27568.150390625
2020-12-30,6555.7998046875,13718.7802734375,3732.0400390625,27444.169921875
2020-12-31,6460.5,13718.7802734375,3756.070068359375,27444.169921875
2021-01-01,6460.5,13718.7802734375,3756.070068359375,27444.169921875
2021-01-04,6571.89990234375,13726.740234375,3700.64990234375,27258.380859375
2021-01-05,6612.2998046875,13651.2197265625,3726.860107421875,27158.630859375
2021-01-06,6841.89990234375,13891.9697265625,3748.139892578125,27055.939453125
2021-01-07,6857.0,13968.240234375,3803.7900390625,27490.130859375
2021-01-08,6873.2998046875,14049.5302734375,3824.679931640625,28139.029296875
2021-01-11,6798.5,13936.66015625,3799.610107421875,28139.029296875
2021-01-12,6754.10009765625,13925.0595703125,3801.18994140625,28164.33984375
2021-01-13,6745.5,13939.7099609375,3809.840087890625,28456.58984375
2021-01-14,6802.0,13988.7001953125,3795.5400390625,28698.259765625
2021-01-15,6735.7001953125,13787.73046875,3768.25,28519.1796875
2021-01-18,6720.7001953125,13848.349609375,3768.25,28242.2109375
2021-01-19,6713.0,13815.0595703125,3798.909912109375,28633.4609375
2021-01-20,6740.39990234375,13921.3701171875,3851.85009765625,28523.259765625
2021-01-21,6715.39990234375,13906.669921875,3853.070068359375,28756.859375
2021-01-22,6695.10009765625,13873.9697265625,3841.469970703125,28631.44921875
2021-01-25,6638.89990234375,13643.9501953125,3855.360107421875,28822.2890625
2021-01-26,6654.0,13870.990234375,3849.6201171875,28546.1796875
2021-01-27,6567.39990234375,13620.4599609375,3750.77001953125,28635.2109375
2021-01-28,6526.2001953125,13665.9296875,3787.3798828125,28197.419921875
2021-01-29,6407.5,13432.8701171875,3714.239990234375,27663.390625
2021-02-01,6466.39990234375,13622.01953125,3773.860107421875,28091.05078125
2021-02-02,6516.7001953125,13835.16015625,3826.31005859375,28362.169921875
2021-02-03,6507.7998046875,13933.6298828125,3830.169921875,28646.5
2021-02-04,6503.7001953125,14060.2900390625,3871.739990234375,28341.94921875
2021-02-05,6489.2998046875,14056.7197265625,3886.830078125,28779.189453125
2021-02-08,6523.5,14059.91015625,3915.590087890625,29388.5
2021-02-09,6531.60009765625,14011.7998046875,3911.22998046875,29505.9296875
2021-02-10,6524.39990234375,13932.9697265625,3909.8798828125,29562.9296875
2021-02-11,6528.7001953125,14040.91015625,3916.3798828125,29562.9296875
2021-02-12,6589.7998046875,14049.8896484375,3934.830078125,29520.0703125
2021-02-15,6756.10009765625,14109.48046875,3934.830078125,30084.150390625
2021-02-16,6748.89990234375,14064.599609375,3932.590087890625,30467.75
2021-02-17,6710.89990234375,13909.26953125,3931.330078125,30292.189453125
2021-02-18,6617.2001953125,13886.9296875,3913.969970703125,30236.08984375
2021-02-19,6624.0,13993.23046875,3906.7099609375,30017.919921875
2021-02-22,6612.2001953125,13950.0400390625,3876.5,30156.029296875
2021-02-23,6625.89990234375,13864.8095703125,3881.3701171875,30156.029296875
2021-02-24,6659.0,13976.0,3925.429931640625,29671.69921875
2021-02-25,6652.0,13879.330078125,3829.340087890625,30168.26953125
2021-02-26,6483.39990234375,13786.2900390625,3811.14990234375,28966.009765625
2021-03-01,6588.5,14012.8203125,3901.820068359375,29663.5
2021-03-02,6613.7998046875,14039.7998046875,3870.2900390625,29408.169921875
2021-03-03,6675.5,14080.0302734375,3819.719970703125,29559.099609375
2021-03-04,6650.89990234375,14056.33984375,3768.469970703125,28930.109375
2021-03-05,6630.5,13920.6904296875,3841.93994140625,28864.3203125
2021-03-08,6719.10009765625,14380.91015625,3821.35009765625,28743.25
2021-03-09,6730.2998046875,14437.9404296875,3875.43994140625,29027.939453125
2021-03-10,6725.60009765625,14540.25,3898.81005859375,29036.560546875
2021-03-11,6737.0,14569.3896484375,3939.340087890625,29211.640625
2021-03-12,6761.5,14502.3896484375,3943.340087890625,29717.830078125
2021-03-15,6749.7001953125,14461.419921875,3968.93994140625,29766.970703125
2021-03-16,6803.60009765625,14557.580078125,3962.7099609375,29921.08984375
2021-03-17,6762.7001953125,14596.6103515625,3974.1201171875,29914.330078125
2021-03-18,6779.7001953125,14775.51953125,3915.4599609375,30216.75
2021-03-19,6708.7001953125,14621.0,3913.10009765625,29792.05078125
2021-03-22,6726.10009765625,14657.2099609375,3940.590087890625,29174.150390625
2021-03-23,6699.2001953125,14662.01953125,3910.52001953125,28995.919921875
2021-03-24,6712.89990234375,14610.3896484375,3889.139892578125,28405.51953125
2021-03-25,6674.7998046875,14621.3603515625,3909.52001953125,28729.880859375
2021-03-26,6740.60009765625,14748.9404296875,3974.5400390625,29176.69921875
2021-03-29,6736.2001953125,14817.7197265625,3971.090087890625,29384.51953125
2021-03-30,6772.10009765625,15008.6103515625,3958.550048828125,29432.69921875
2021-03-31,6713.60009765625,15008.33984375,3972.889892578125,29178.80078125
2021-04-01,6737.2998046875,15107.169921875,4019.8701171875,29388.869140625
2021-04-02,6737.2998046875,15107.169921875,4019.8701171875,29854.0
2021-04-05,6737.2998046875,15107.169921875,4077.909912109375,30089.25
2021-04-06,6823.60009765625,15212.6796875,4073.93994140625,29696.630859375
2021-04-07,6885.2998046875,15176.3603515625,4079.949951171875,29730.7890625
2021-04-08,6942.2001953125,15202.6796875,4097.169921875,29708.98046875
2021-04-09,6915.7998046875,15234.16015625,4128.7998046875,29768.060546875
2021-04-12,6889.10009765625,15215.0,4127.990234375,29538.73046875
2021-04-13,6890.5,15234.3603515625,4141.58984375,29751.609375
2021-04-14,6939.60009765625,15209.150390625,4124.66015625,29620.990234375
2021-04-15,6983.5,15255.330078125,4170.419921875,29642.689453125
2021-04-16,7019.5,15459.75,4185.47021484375,29683.369140625
2021-04-19,7000.10009765625,15368.3896484375,4163.259765625,29685.369140625
2021-04-20,6859.89990234375,15129.509765625,4134.93994140625,29100.380859375
2021-04-21,6895.2998046875,15195.9697265625,4173.419921875,28508.55078125
2021-04-22,6938.2001953125,15320.51953125,4134.97998046875,29188.169921875
2021-04-23,6938.60009765625,15279.6201171875,4180.169921875,29020.630859375
2021-04-26,6963.10009765625,15296.33984375,4187.6201171875,29126.23046875
2021-04-27,6945.0,15249.26953125,4186.72021484375,28991.890625
2021-04-28,6963.7001953125,15292.1796875,4183.18017578125,29053.970703125
2021-04-29,6961.5,15154.2001953125,4211.47021484375,29053.970703125
2021-04-30,6969.7998046875,15135.91015625,4181.169921875,28812.630859375
2021-05-03,6969.7998046875,15236.4697265625,4192.66015625,28812.630859375
2021-05-04,6923.2001953125,14856.48046875,4164.66015625,28812.630859375
2021-05-05,7039.2998046875,15170.7802734375,4167.58984375,28812.630859375
2021-05-06,7076.2001953125,15196.740234375,4201.6201171875,29331.369140625
2021-05-07,7129.7001953125,15399.650390625,4232.60009765625,29357.8203125
2021-05-10,7123.7001953125,15400.41015625,4188.43017578125,29518.33984375
2021-05-11,6948.0,15119.75,4152.10009765625,28608.58984375
2021-05-12,7004.60009765625,15150.2197265625,4063.0400390625,28147.509765625
2021-05-13,6963.2998046875,15199.6796875,4112.5,27448.009765625
2021-05-14,7043.60009765625,15416.6396484375,4173.85009765625,28084.470703125
2021-05-17,7032.89990234375,15396.6201171875,4163.2900390625,27824.830078125
2021-05-18,7034.2001953125,15386.580078125,4127.830078125,28406.83984375
2021-05-19,6950.2001953125,15113.5595703125,4115.68017578125,28044.44921875
2021-05-20,7019.7998046875,15370.259765625,4159.1201171875,28098.25
2021-05-21,7018.10009765625,15437.509765625,4155.85986328125,28317.830078125
2021-05-24,7051.60009765625,15437.509765625,4197.0498046875,28364.609375
2021-05-25,7029.7998046875,15465.08984375,4188.1298828125,28553.98046875
2021-05-26,7026.89990234375,15450.7197265625,4195.990234375,28642.189453125
2021-05-27,7019.7001953125,15406.73046875,4200.8798828125,28549.009765625
2021-05-28,7022.60009765625,15519.98046875,4204.10986328125,29149.41015625
2021-05-31,7022.60009765625,15421.1298828125,4204.10986328125,28860.080078125
2021-06-01,7080.5,15567.3603515625,4202.0400390625,28814.33984375
2021-06-02,7108.0,15602.7099609375,4208.1201171875,28946.140625
2021-06-03,7064.39990234375,15632.669921875,4192.85009765625,29058.109375
2021-06-04,7069.0,15692.900390625,4229.89013671875,28941.51953125
2021-06-07,7077.2001953125,15677.150390625,4226.52001953125,29019.240234375
2021-06-08,7095.10009765625,15640.599609375,4227.259765625,28963.560546875
2021-06-09,7081.0,15581.1396484375,4219.5498046875,28860.80078125
2021-06-10,7088.2001953125,15571.2197265625,4239.18017578125,28958.560546875
2021-06-11,7134.10009765625,15693.26953125,4247.43994140625,28948.73046875
2021-06-14,7146.7001953125,15673.6396484375,4255.14990234375,29161.80078125
2021-06-15,7172.5,15729.51953125,4246.58984375,29441.30078125
2021-06-16,7185.0,15710.5703125,4223.7001953125,29291.009765625
2021-06-17,7153.39990234375,15727.669921875,4221.85986328125,29018.330078125
2021-06-18,7017.5,15448.0400390625,4166.4501953125,28964.080078125
2021-06-21,7062.2998046875,15603.240234375,4224.7900390625,28010.9296875
2021-06-22,7090.0,15636.330078125,4246.43994140625,28884.130859375
2021-06-23,7074.10009765625,15456.3896484375,4241.83984375,28874.890625
2021-06-24,7110.0,15589.23046875,4266.490234375,28875.23046875
2021-06-25,7136.10009765625,15607.9697265625,4280.7001953125,29066.1796875
2021-06-28,7073.0,15554.1796875,4290.60986328125,29048.01953125
2021-06-29,7087.60009765625,15690.58984375,4291.7998046875,28812.609375
2021-06-30,7037.5,15531.0400390625,4297.5,28791.529296875
2021-07-01,7125.2001953125,15603.8095703125,4319.93994140625,28707.0390625
2021-07-02,7123.2998046875,15650.08984375,4352.33984375,28783.279296875
2021-07-05,7164.89990234375,15661.9697265625,4352.33984375,28598.189453125
2021-07-06,7100.89990234375,15511.3798828125,4343.5400390625,28643.2109375
2021-07-07,7151.0,15692.7099609375,4358.1298828125,28366.94921875
2021-07-08,7030.7001953125,15420.6396484375,4320.81982421875,28118.029296875
2021-07-09,7121.89990234375,15687.9296875,4369.5498046875,27940.419921875
2021-07-12,7125.39990234375,15790.509765625,4384.6298828125,28569.01953125
2021-07-13,7124.7001953125,15789.6396484375,4369.2099609375,28718.240234375
2021-07-14,7091.2001953125,15788.98046875,4374.2998046875,28608.490234375
2021-07-15,7012.0,15629.66015625,4360.02978515625,28279.08984375
2021-07-16,7008.10009765625,15540.3095703125,4327.16015625,28003.080078125
2021-07-19,6844.39990234375,15133.2001953125,4258.490234375,27652.740234375
2021-07-20,6881.10009765625,15216.26953125,4323.06005859375,27388.16015625
2021-07-21,6998.2998046875,15422.5,4358.68994140625,27548.0
2021-07-22,6968.2998046875,15514.5400390625,4367.47998046875,27548.0
2021-07-23,7027.60009765625,15669.2900390625,4411.7900390625,27548.0
2021-07-26,7025.39990234375,15618.98046875,4422.2998046875,27833.2890625
2021-07-27,6996.10009765625,15519.1298828125,4401.4599609375,27970.220703125
2021-07-28,7016.60009765625,15570.3603515625,4400.64013671875,27581.66015625
2021-07-29,7078.39990234375,15640.4697265625,4419.14990234375,27782.419921875
2021-07-30,7032.2998046875,15544.3896484375,4395.259765625,27283.58984375
2021-08-02,7081.7001953125,15568.73046875,4387.16015625,27781.01953125
2021-08-03,7105.7001953125,15555.080078125,4423.14990234375,27641.830078125
2021-08-04,7123.89990234375,15692.1298828125,4402.66015625,27584.080078125
2021-08-05,7120.39990234375,15744.669921875,4429.10009765625,27728.119140625
2021-08-06,7123.0,15761.4501953125,4436.52001953125,27820.0390625
2021-08-09,7132.2998046875,15745.41015625,4432.35009765625,27820.0390625
2021-08-10,7161.0,15770.7099609375,4436.75,27888.150390625
2021-08-11,7220.10009765625,15826.08984375,4442.41015625,28070.509765625
2021-08-12,7193.2001953125,15937.509765625,4460.830078125,28015.01953125
2021-08-13,7218.7001953125,15977.4404296875,4468.0,27977.150390625
2021-08-16,7154.0,15925.73046875,4479.7099609375,27523.189453125
2021-08-17,7181.10009765625,15921.9501953125,4448.080078125,27424.470703125
2021-08-18,7169.2998046875,15965.9697265625,4400.27001953125,27585.91015625
2021-08-19,7058.89990234375,15765.8095703125,4405.7998046875,27281.169921875
2021-08-20,7087.89990234375,15808.0400390625,4441.669921875,27013.25
2021-08-23,7109.0,15852.7900390625,4479.52978515625,27494.240234375
2021-08-24,7125.7998046875,15905.849609375,4486.22998046875,27732.099609375
2021-08-25,7150.10009765625,15860.66015625,4496.18994140625,27724.80078125
2021-08-26,7125.0,15793.6201171875,4470.0,27742.2890625
2021-08-27,7148.0,15851.75,4509.3701171875,27641.140625
2021-08-30,7148.0,15887.3095703125,4528.7900390625,27789.2890625
2021-08-31,7119.7001953125,15835.08984375,4522.68017578125,28089.5390625
2021-09-01,7149.7998046875,15824.2900390625,4524.08984375,28451.01953125
2021-09-02,7163.89990234375,15840.58984375,4536.9501953125,28543.509765625
2021-09-03,7138.39990234375,15781.2001953125,4535.43017578125,29128.109375
2021-09-06,7187.2001953125,15932.1201171875,4535.43017578125,29659.890625
2021-09-07,7149.39990234375,15843.08984375,4520.02978515625,29916.140625
2021-09-08,7095.5,15610.2802734375,4514.06982421875,30181.2109375
2021-09-09,7024.2001953125,15623.150390625,4493.27978515625,30008.189453125
2021-09-10,7029.2001953125,15609.8095703125,4458.580078125,30381.83984375
2021-09-13,7068.39990234375,15701.419921875,4468.72998046875,30447.369140625
2021-09-14,7034.10009765625,15722.990234375,4443.0498046875,30670.099609375
2021-09-15,7016.5,15616.0,4480.7001953125,30511.7109375
2021-09-16,7027.5,15651.75,4473.75,30323.33984375
2021-09-17,6963.60009765625,15490.169921875,4432.990234375,30500.05078125
2021-09-20,6903.89990234375,15132.0595703125,4357.72998046875,30500.05078125
2021-09-21,6981.0,15348.5302734375,4354.18994140625,29839.7109375
2021-09-22,7083.39990234375,15506.740234375,4395.64013671875,29639.400390625
2021-09-23,7078.39990234375,15643.9697265625,4448.97998046875,29639.400390625
2021-09-24,7051.5,15531.75,4455.47998046875,30248.810546875
2021-09-27,7063.39990234375,15573.8798828125,4443.10986328125,30240.060546875
2021-09-28,7028.10009765625,15248.5595703125,4352.6298828125,30183.9609375
2021-09-29,7108.2001953125,15365.26953125,4359.4599609375,29544.2890625
2021-09-30,7086.39990234375,15260.6904296875,4307.5400390625,29452.66015625
2021-10-01,7027.10009765625,15156.4404296875,4357.0400390625,28771.0703125
2021-10-04,7011.0,15036.5498046875,4300.4599609375,28444.890625
2021-10-05,7077.10009765625,15194.490234375,4345.72021484375,27822.119140625
2021-10-06,6995.89990234375,14973.330078125,4363.5498046875,27528.869140625
2021-10-07,7078.0,15250.8603515625,4399.759765625,27678.2109375
2021-10-08,7095.60009765625,15206.1298828125,4391.33984375,28048.939453125
2021-10-11,7146.89990234375,15199.1396484375,4361.18994140625,28498.19921875
2021-10-12,7130.2001953125,15146.8701171875,4350.64990234375,28230.609375
2021-10-13,7141.7998046875,15249.3798828125,4363.7998046875,28140.279296875
2021-10-14,7207.7001953125,15462.7197265625,4438.259765625,28550.9296875
2021-10-15,7234.0,15587.3603515625,4471.3701171875,29068.630859375
2021-10-18,7203.7998046875,15474.4697265625,4486.4599609375,29025.4609375
2021-10-19,7217.5,15515.830078125,4519.6298828125,29215.51953125
2021-10-20,7223.10009765625,15522.919921875,4536.18994140625,29255.55078125
2021-10-21,7190.2998046875,15472.5595703125,4549.77978515625,28708.580078125
2021-10-22,7204.60009765625,15542.98046875,4544.89990234375,28804.849609375
2021-10-25,7222.7998046875,15599.23046875,4566.47998046875,28600.41015625
2021-10-26,7277.60009765625,15757.0595703125,4574.7900390625,29106.009765625
2021-10-27,7253.2998046875,15705.8095703125,4551.68017578125,29098.240234375
2021-10-28,7249.5,15696.330078125,4596.419921875,28820.08984375
2021-10-29,7237.60009765625,15688.76953125,4605.3798828125,28892.689453125
2021-11-01,7288.60009765625,15806.2900390625,4613.669921875,29647.080078125
2021-11-02,7274.7998046875,15954.4501953125,4630.64990234375,29520.900390625
2021-11-03,7248.89990234375,15959.98046875,4660.56982421875,29520.900390625
2021-11-04,7279.89990234375,16029.650390625,4680.06005859375,29794.369140625
2021-11-05,7304.0,16054.3603515625,4697.52978515625,29611.5703125
2021-11-08,7300.39990234375,16046.51953125,4701.7001953125,29507.05078125
2021-11-09,7274.0,16040.4697265625,4685.25,29285.4609375
2021-11-10,7340.2001953125,16067.830078125,4646.7099609375,29106.779296875
2021-11-11,7384.2001953125,16083.1103515625,4649.27001953125,29277.859375
2021-11-12,7347.89990234375,16094.0703125,4682.85009765625,29609.970703125
2021-11-15,7351.89990234375,16148.6396484375,4682.7998046875,29776.80078125
2021-11-16,7327.0,16247.8603515625,4700.89990234375,29808.119140625
2021-11-17,7291.2001953125,16251.1298828125,4688.669921875,29688.330078125
2021-11-18,7256.0,16221.73046875,4704.5400390625,29598.66015625
2021-11-19,7223.60009765625,16159.9697265625,4697.9599609375,29745.869140625
2021-11-22,7255.5,16115.6904296875,4682.93994140625,29774.109375
2021-11-23,7266.7001953125,15937.0,4690.7001953125,29774.109375
2021-11-24,7286.2998046875,15878.3896484375,4701.4599609375,29302.66015625
2021-11-25,7310.39990234375,15917.98046875,4701.4599609375,29499.279296875
2021-11-26,7044.0,15257.0400390625,4594.6201171875,28751.619140625
2021-11-29,7110.0,15280.8603515625,4655.27001953125,28283.919921875
2021-11-30,7059.5,15100.1298828125,4567.0,27821.759765625
2021-12-01,7168.7001953125,15472.669921875,4513.0400390625,27935.619140625
2021-12-02,7129.2001953125,15263.1103515625,4577.10009765625,27753.369140625
2021-12-03,7122.2998046875,15169.98046875,4538.43017578125,28029.5703125
2021-12-06,7232.2998046875,15380.7900390625,4591.669921875,27927.369140625
2021-12-07,7339.89990234375,15813.9404296875,4686.75,28455.599609375
2021-12-08,7337.39990234375,15687.08984375,4701.2099609375,28860.619140625
2021-12-09,7321.2998046875,15639.259765625,4667.4501953125,28725.470703125
2021-12-10,7291.7998046875,15623.3095703125,4712.02001953125,28437.76953125
2021-12-13,7231.39990234375,15621.7197265625,4668.97021484375,28640.490234375
2021-12-14,7218.60009765625,15453.5595703125,4634.08984375,28432.640625
2021-12-15,7170.7998046875,15476.349609375,4709.85009765625,28459.720703125
2021-12-16,7260.60009765625,15636.400390625,4668.669921875,29066.3203125
2021-12-17,7269.89990234375,15531.6904296875,4620.64013671875,28545.6796875
2021-12-20,7198.0,15239.669921875,4568.02001953125,27937.810546875
2021-12-21,7297.39990234375,15447.4404296875,4649.22998046875,28517.58984375
2021-12-22,7341.7001953125,15593.4697265625,4696.56005859375,28562.2109375
2021-12-23,7373.2998046875,15756.3095703125,4725.7900390625,28798.369140625
2021-12-24,7372.10009765625,15756.3095703125,4725.7900390625,28782.58984375
2021-12-27,7372.10009765625,15835.25,4791.18994140625,28676.4609375
2021-12-28,7372.10009765625,15963.7001953125,4786.35009765625,29069.16015625
2021-12-29,7420.7001953125,15852.25,4793.06005859375,28906.880859375
2021-12-30,7403.0,15884.8603515625,4778.72998046875,28791.7109375
2021-12-31,7384.5,15884.8603515625,4766.18017578125,28791.7109375
2022-01-03,7384.5,16020.73046875,4796.56005859375,28791.7109375
2022-01-04,7505.2001953125,16152.6103515625,4793.5400390625,29301.7890625
2022-01-05,7516.89990234375,16271.75,4700.580078125,29332.16015625
2022-01-06,7450.39990234375,16052.0302734375,4696.0498046875,28487.869140625
2022-01-07,7485.2998046875,15947.740234375,4677.02978515625,28478.560546875
2022-01-10,7445.2998046875,15768.26953125,4670.2900390625,28478.560546875
2022-01-11,7491.39990234375,15941.8095703125,4713.06982421875,28222.48046875
2022-01-12,7551.7001953125,16010.3203125,4726.35009765625,28765.66015625
2022-01-13,7563.89990234375,16031.58984375,4659.02978515625,28489.130859375
2022-01-14,7543.0,15883.240234375,4662.85009765625,28124.279296875
2022-01-17,7611.2001953125,15933.7197265625,4662.85009765625,28333.51953125
2022-01-18,7563.60009765625,15772.5595703125,4577.10986328125,28257.25
2022-01-19,7589.7001953125,15809.7197265625,4532.759765625,27467.23046875
2022-01-20,7585.0,15912.330078125,4482.72998046875,27772.9296875
2022-01-21,7494.10009765625,15603.8798828125,4397.93994140625,27522.259765625
2022-01-24,7297.2001953125,15011.1298828125,4410.1298828125,27588.369140625
2022-01-25,7371.5,15123.8701171875,4356.4501953125,27131.33984375
2022-01-26,7469.7998046875,15459.3896484375,4349.93017578125,27011.330078125
2022-01-27,7554.2998046875,15524.26953125,4326.509765625,26170.30078125
2022-01-28,7466.10009765625,15318.9501953125,4431.85009765625,26717.33984375
2022-01-31,7464.39990234375,15471.2001953125,4515.5498046875,27001.98046875
2022-02-01,7535.7998046875,15619.3896484375,4546.5400390625,27078.48046875
2022-02-02,7583.0,15613.76953125,4589.3798828125,27533.599609375
2022-02-03,7528.7998046875,15368.4697265625,4477.43994140625,27241.310546875
2022-02-04,7516.39990234375,15099.5595703125,4500.52978515625,27439.990234375
2022-02-07,7573.5,15206.6396484375,4483.8701171875,27248.869140625
2022-02-08,7567.10009765625,15242.3798828125,4521.5400390625,27284.51953125
2022-02-09,7643.39990234375,15482.009765625,4587.18017578125,27579.869140625
2022-02-10,7672.39990234375,15490.4404296875,4504.080078125,27696.080078125
2022-02-11,7661.0,15425.1201171875,4418.64013671875,27696.080078125
2022-02-14,7531.60009765625,15113.9697265625,4401.669921875,27079.58984375
2022-02-15,7608.89990234375,15412.7099609375,4471.06982421875,26865.189453125
2022-02-16,7603.7998046875,15396.0703125,4475.009765625,27460.400390625
2022-02-17,7537.39990234375,15267.6298828125,4380.259765625,27232.869140625
2022-02-18,7513.60009765625,15042.509765625,4348.8701171875,27122.0703125
2022-02-21,7484.2998046875,14731.1201171875,4348.8701171875,26910.869140625
2022-02-22,7494.2001953125,14693.0,4304.759765625,26449.609375
2022-02-23,7498.2001953125,14631.3603515625,4225.5,26449.609375
2022-02-24,7207.0,14052.099609375,4288.7001953125,25970.8203125
2022-02-25,7489.5,14567.23046875,4384.64990234375,26476.5
2022-02-28,7458.2998046875,14461.01953125,4373.93994140625,26526.8203125
2022-03-01,7330.2001953125,13904.849609375,4306.259765625,26844.720703125
2022-03-02,7429.60009765625,14000.1103515625,4386.5400390625,26393.029296875
2022-03-03,7238.89990234375,13698.400390625,4363.490234375,26577.26953125
2022-03-04,6987.10009765625,13094.5400390625,4328.8701171875,25985.470703125
2022-03-07,6959.5,12834.650390625,4201.08984375,25221.41015625
2022-03-08,6964.10009765625,12831.509765625,4170.7001953125,24790.94921875
2022-03-09,7190.7001953125,13847.9296875,4277.8798828125,24717.529296875
2022-03-10,7099.10009765625,13442.099609375,4259.52001953125,25690.400390625
2022-03-11,7155.60009765625,13628.1103515625,4204.31005859375,25162.779296875
2022-03-14,7193.5,13929.1103515625,4173.10986328125,25307.849609375
2022-03-15,7175.7001953125,13917.26953125,4262.4501953125,25346.48046875
2022-03-16,7291.7001953125,14440.740234375,4357.85986328125,25762.009765625
2022-03-17,7385.2998046875,14388.0595703125,4411.669921875,26652.890625
2022-03-18,7404.7001953125,14413.08984375,4463.1201171875,26827.4296875
2022-03-21,7442.39990234375,14326.9697265625,4461.18017578125,26827.4296875
2022-03-22,7476.7001953125,14473.2001953125,4511.60986328125,27224.109375
2022-03-23,7460.60009765625,14283.650390625,4456.240234375,28040.16015625
2022-03-24,7467.39990234375,14273.7900390625,4520.16015625,28110.390625
2022-03-25,7483.39990234375,14305.759765625,4543.06005859375,28149.83984375
2022-03-28,7473.10009765625,14417.3701171875,4575.52001953125,27943.890625
2022-03-29,7537.2998046875,14820.330078125,4631.60009765625,28252.419921875
2022-03-30,7578.7998046875,14606.0498046875,4602.4501953125,28027.25
2022-03-31,7515.7001953125,14414.75,4530.41015625,27821.4296875
2022-04-01,7537.89990234375,14446.48046875,4545.85986328125,27665.98046875
2022-04-04,7558.89990234375,14518.16015625,4582.64013671875,27736.470703125
2022-04-05,7613.7001953125,14424.3603515625,4525.1201171875,27787.98046875
2022-04-06,7587.7001953125,14151.6904296875,4481.14990234375,27350.30078125
2022-04-07,7551.7998046875,14078.150390625,4500.2099609375,26888.5703125
2022-04-08,7669.60009765625,14283.669921875,4488.27978515625,26985.80078125
2022-04-11,7618.2998046875,14192.7802734375,4412.52978515625,26821.51953125
2022-04-12,7576.7001953125,14124.9501953125,4397.4501953125,26334.98046875
2022-04-13,7580.7998046875,14076.4404296875,4446.58984375,26843.490234375
2022-04-14,7616.39990234375,14163.849609375,4392.58984375,27172.0
2022-04-15,7616.39990234375,14163.849609375,4392.58984375,27093.189453125
2022-04-18,7616.39990234375,14163.849609375,4391.68994140625,26799.7109375
2022-04-19,7601.2998046875,14153.4599609375,4462.2099609375,26985.08984375
2022-04-20,7629.2001953125,14362.0302734375,4459.4501953125,27217.849609375
2022-04-21,7628.0,14502.41015625,4393.66015625,27553.060546875
2022-04-22,7521.7001953125,14142.08984375,4271.77978515625,27105.259765625
2022-04-25,7380.5,13924.169921875,4296.1201171875,26590.779296875
2022-04-26,7386.2001953125,13756.400390625,4175.2001953125,26700.109375
2022-04-27,7425.60009765625,13793.9404296875,4183.9599609375,26386.630859375
2022-04-28,7509.2001953125,13979.83984375,4287.5,26847.900390625
2022-04-29,7544.60009765625,14097.8798828125,4131.93017578125,26847.900390625
2022-05-02,7544.60009765625,13939.0703125,4155.3798828125,26818.529296875
2022-05-03,7561.2998046875,14039.4697265625,4175.47998046875,26818.529296875
2022-05-04,7493.5,13970.8203125,4300.169921875,26818.529296875
2022-05-05,7503.2998046875,13902.51953125,4146.8701171875,26818.529296875
2022-05-06,7387.89990234375,13674.2900390625,4123.33984375,27003.560546875
2022-05-09,7216.60009765625,13380.669921875,3991.239990234375,26319.33984375
2022-05-10,7243.2001953125,13534.740234375,4001.050048828125,26167.099609375
2022-05-11,7347.7001953125,13828.6396484375,3935.179931640625,26213.640625
2022-05-12,7233.2998046875,13739.6396484375,3930.080078125,25748.720703125
2022-05-13,7418.2001953125,14027.9296875,4023.889892578125,26427.650390625
2022-05-16,7464.7998046875,13964.3798828125,4008.010009765625,26547.05078125
2022-05-17,7518.39990234375,14185.9404296875,4088.85009765625,26659.75
2022-05-18,7438.10009765625,14007.759765625,3923.679931640625,26911.19921875
2022-05-19,7302.7001953125,13882.2998046875,3900.7900390625,26402.83984375
2022-05-20,7390.0,13981.91015625,3901.360107421875,26739.029296875
2022-05-23,7513.39990234375,14175.400390625,3973.75,27001.51953125
2022-05-24,7484.39990234375,13919.75,3941.47998046875,26748.140625
2022-05-25,7522.7998046875,14007.9296875,3978.72998046875,26677.80078125
2022-05-26,7564.89990234375,14231.2900390625,4057.840087890625,26604.83984375
2022-05-27,7585.5,14462.1904296875,4158.240234375,26781.6796875
2022-05-30,7600.10009765625,14575.98046875,4158.240234375,27369.4296875
2022-05-31,7607.7001953125,14388.349609375,4132.14990234375,27279.80078125
2022-06-01,7533.0,14340.4697265625,4101.22998046875,27457.890625
2022-06-02,7533.0,14485.169921875,4176.81982421875,27413.880859375
2022-06-03,7533.0,14460.08984375,4108.5400390625,27761.5703125
2022-06-06,7608.2001953125,14653.8095703125,4121.43017578125,27915.890625
2022-06-07,7598.89990234375,14556.6201171875,4160.68017578125,27943.94921875
2022-06-08,7593.0,14445.990234375,4115.77001953125,28234.2890625
2022-06-09,7476.2001953125,14198.7998046875,4017.820068359375,28246.529296875
2022-06-10,7317.5,13761.830078125,3900.860107421875,27824.2890625
2022-06-13,7205.7998046875,13427.0302734375,3749.6298828125,26987.439453125
2022-06-14,7187.5,13304.3896484375,3735.47998046875,26629.859375
2022-06-15,7273.39990234375,13485.2900390625,3789.989990234375,26326.16015625
2022-06-16,7045.0,13038.490234375,3666.77001953125,26431.19921875
2022-06-17,7016.2998046875,13126.259765625,3674.840087890625,25963.0
2022-06-20,7121.7998046875,13265.599609375,3674.840087890625,25771.220703125
2022-06-21,7152.10009765625,13292.400390625,3764.7900390625,26246.310546875
2022-06-22,7089.2001953125,13144.2802734375,3759.889892578125,26149.55078125
2022-06-23,7020.5,12912.58984375,3795.72998046875,26171.25
2022-06-24,7208.7998046875,13118.1298828125,3911.739990234375,26491.970703125
2022-06-27,7258.2998046875,13186.0703125,3900.110107421875,26871.26953125
2022-06-28,7323.39990234375,13231.8203125,3821.550048828125,27049.470703125
2022-06-29,7312.2998046875,13003.349609375,3818.830078125,26804.599609375
2022-06-30,7169.2998046875,12783.76953125,3785.3798828125,26393.0390625
2022-07-01,7168.7001953125,12813.0302734375,3825.330078125,25935.619140625
2022-07-04,7232.7001953125,12773.3798828125,3825.330078125,26153.810546875
2022-07-05,7025.5,12401.2001953125,3831.389892578125,26423.470703125
2022-07-06,7107.7998046875,12594.51953125,3845.080078125,26107.650390625
2022-07-07,7189.10009765625,12843.2197265625,3902.6201171875,26490.529296875
2022-07-08,7196.2001953125,13015.23046875,3899.3798828125,26517.189453125
2022-07-11,7196.60009765625,12832.4404296875,3854.429931640625,26812.30078125
2022-07-12,7209.89990234375,12905.48046875,3818.800048828125,26336.66015625
2022-07-13,7156.39990234375,12756.3203125,3801.780029296875,26478.76953125
2022-07-14,7039.7998046875,12519.66015625,3790.3798828125,26643.390625
2022-07-15,7159.0,12864.7197265625,3863.159912109375,26788.470703125
2022-07-18,7223.2001953125,12959.8095703125,3830.85009765625,26788.470703125
2022-07-19,7296.2998046875,13308.41015625,3936.68994140625,26961.6796875
2022-07-20,7264.2998046875,13281.98046875,3959.89990234375,27680.259765625
2022-07-21,7270.5,13246.6396484375,3998.949951171875,27803.0
2022-07-22,7276.39990234375,13253.6796875,3961.6298828125,27914.66015625
2022-07-25,7306.2998046875,13210.3203125,3966.840087890625,27699.25
2022-07-26,7306.2998046875,13096.9296875,3921.050048828125,27655.2109375
2022-07-27,7348.2001953125,13166.3798828125,4023.610107421875,27715.75
2022-07-28,7345.2998046875,13282.1103515625,4072.429931640625,27815.48046875
2022-07-29,7423.39990234375,13484.0498046875,4130.2900390625,27801.640625
2022-08-01,7413.39990234375,13479.6298828125,4118.6298828125,27993.349609375
2022-08-02,7409.10009765625,13449.2001953125,4091.18994140625,27594.73046875
2022-08-03,7445.7001953125,13587.5595703125,4155.169921875,27741.900390625
2022-08-04,7448.10009765625,13662.6796875,4151.93994140625,27932.19921875
2022-08-05,7439.7001953125,13573.9296875,4145.18994140625,28175.869140625
2022-08-08,7482.39990234375,13687.6904296875,4140.06005859375,28249.240234375
2022-08-09,7488.2001953125,13534.9697265625,4122.47021484375,27999.9609375
2022-08-10,7507.10009765625,13700.9296875,4210.240234375,27819.330078125
2022-08-11,7465.89990234375,13694.509765625,4207.27001953125,27819.330078125
2022-08-12,7500.89990234375,13795.849609375,4280.14990234375,28546.98046875
2022-08-15,7509.2001953125,13816.6103515625,4297.14013671875,28871.779296875
2022-08-16,7536.10009765625,13910.1201171875,4305.2001953125,28868.91015625
2022-08-17,7515.7998046875,13626.7099609375,4274.0400390625,29222.76953125
2022-08-18,7541.89990234375,13697.41015625,4283.740234375,28942.140625
2022-08-19,7550.39990234375,13544.51953125,4228.47998046875,28930.330078125
2022-08-22,7533.7998046875,13230.5703125,4137.990234375,28794.5
2022-08-23,7488.10009765625,13194.23046875,4128.72998046875,28452.75
2022-08-24,7471.5,13220.0595703125,4140.77001953125,28313.470703125
2022-08-25,7479.7001953125,13271.9599609375,4199.1201171875,28479.009765625
2022-08-26,7427.2998046875,12971.4697265625,4057.659912109375,28641.380859375
2022-08-29,7427.2998046875,12892.990234375,4030.610107421875,27878.9609375
2022-08-30,7361.60009765625,12961.1396484375,3986.159912109375,28195.580078125
2022-08-31,7284.2001953125,12834.9599609375,3955.0,28091.529296875
2022-09-01,7148.5,12630.23046875,3966.85009765625,27661.470703125
2022-09-02,7281.2001953125,13050.26953125,3924.260009765625,27650.83984375
2022-09-05,7287.39990234375,12760.7802734375,3924.260009765625,27619.609375
2022-09-06,7300.39990234375,12871.4404296875,3908.18994140625,27626.509765625
2022-09-07,7237.7998046875,12915.9697265625,3979.8701171875,27430.30078125
2022-09-08,7262.10009765625,12904.3203125,4006.179931640625,28065.279296875
2022-09-09,7351.10009765625,13088.2099609375,4067.360107421875,28214.75
2022-09-12,7473.0,13402.26953125,4110.41015625,28542.109375
2022-09-13,7385.89990234375,13188.9501953125,3932.68994140625,28614.630859375
2022-09-14,7277.2998046875,13028.0,3946.010009765625,27818.619140625
2022-09-15,7282.10009765625,12956.66015625,3901.35009765625,27875.91015625
2022-09-16,7236.7001953125,12741.259765625,3873.330078125,27567.650390625
2022-09-19,7236.7001953125,12803.240234375,3899.889892578125,27567.650390625
2022-09-20,7192.7001953125,12670.830078125,3855.929931640625,27688.419921875
2022-09-21,7237.60009765625,12767.150390625,3789.929931640625,27313.130859375
2022-09-22,7159.5,12531.6298828125,3757.989990234375,27153.830078125
2022-09-23,7018.60009765625,12284.1904296875,3693.22998046875,27153.830078125
2022-09-26,7021.0,12227.919921875,3655.0400390625,26431.55078125
2022-09-27,6984.60009765625,12139.6796875,3647.2900390625,26571.869140625
2022-09-28,7005.39990234375,12183.2802734375,3719.0400390625,26173.98046875
2022-09-29,6881.60009765625,11975.5498046875,3640.469970703125,26422.05078125
2022-09-30,6893.7998046875,12114.3603515625,3585.6201171875,25937.2109375
2022-10-03,6908.7998046875,12209.48046875,3678.429931640625,26215.7890625
2022-10-04,7086.5,12670.48046875,3790.929931640625,26992.2109375
2022-10-05,7052.60009765625,12517.1796875,3783.280029296875,27120.529296875
2022-10-06,6997.2998046875,12470.7802734375,3744.52001953125,27311.30078125
2022-10-07,6991.10009765625,12273.0,3639.659912109375,27116.109375
2022-10-10,6959.2998046875,12272.9404296875,3612.389892578125,27116.109375
2022-10-11,6885.2001953125,12220.25,3588.840087890625,26401.25
2022-10-12,6826.2001953125,12172.259765625,3577.030029296875,26396.830078125
2022-10-13,6850.2998046875,12355.580078125,3669.909912109375,26237.419921875
2022-10-14,6858.7998046875,12437.8095703125,3583.070068359375,27090.759765625
2022-10-17,6920.2001953125,12649.0302734375,3677.949951171875,26775.7890625
2022-10-18,6936.7001953125,12765.6103515625,3719.97998046875,27156.140625
2022-10-19,6925.0,12741.41015625,3695.159912109375,27257.380859375
2022-10-20,6943.89990234375,12767.41015625,3665.780029296875,27006.9609375
2022-10-21,6969.7001953125,12730.900390625,3752.75,26890.580078125
2022-10-24,7014.0,12931.4501953125,3797.340087890625,26974.900390625
2022-10-25,7013.5,13052.9599609375,3859.110107421875,27250.279296875
2022-10-26,7056.10009765625,13195.8095703125,3830.60009765625,27431.83984375
2022-10-27,7073.7001953125,13211.23046875,3807.300048828125,27345.240234375
2022-10-28,7047.7001953125,13243.330078125,3901.06005859375,27105.19921875
2022-10-31,7094.5,13253.740234375,3871.97998046875,27587.4609375
2022-11-01,7186.2001953125,13338.740234375,3856.10009765625,27678.919921875
2022-11-02,7144.10009765625,13256.740234375,3759.68994140625,27663.390625
2022-11-03,7188.60009765625,13130.1904296875,3719.889892578125,27663.390625
2022-11-04,7334.7998046875,13459.849609375,3770.550048828125,27199.740234375
2022-11-07,7300.0,13533.51953125,3806.800048828125,27527.640625
2022-11-08,7306.10009765625,13688.75,3828.110107421875,27872.109375
2022-11-09,7296.2998046875,13666.3203125,3748.570068359375,27716.4296875
2022-11-10,7375.2998046875,14146.08984375,3956.3701171875,27446.099609375
2022-11-11,7318.0,14224.8603515625,3992.929931640625,28263.5703125
2022-11-14,7385.2001953125,14313.2998046875,3957.25,27963.470703125
2022-11-15,7369.39990234375,14378.509765625,3991.72998046875,27990.169921875
2022-11-16,7351.2001953125,14234.0302734375,3958.7900390625,28028.30078125
2022-11-17,7346.5,14266.3798828125,3946.56005859375,27930.5703125
2022-11-18,7385.5,14431.8603515625,3965.340087890625,27899.76953125
2022-11-21,7376.89990234375,14379.9296875,3949.93994140625,27944.7890625
2022-11-22,7452.7998046875,14422.349609375,4003.580078125,28115.740234375
2022-11-23,7465.2001953125,14427.58984375,4027.260009765625,28115.740234375
2022-11-24,7466.60009765625,14539.5595703125,4027.260009765625,28383.08984375
2022-11-25,7486.7001953125,14541.3798828125,4026.1201171875,28283.029296875
2022-11-28,7474.0,14383.3603515625,3963.93994140625,28162.830078125
2022-11-29,7512.0,14355.4501953125,3957.6298828125,28027.83984375
2022-11-30,7573.10009765625,14397.0400390625,4080.110107421875,27968.990234375
2022-12-01,7558.5,14490.2998046875,4076.570068359375,28226.080078125
2022-12-02,7556.2001953125,14529.3896484375,4071.699951171875,27777.900390625
2022-12-05,7567.5,14447.6103515625,3998.840087890625,27820.400390625
2022-12-06,7521.39990234375,14343.1904296875,3941.260009765625,27885.869140625
2022-12-07,7489.2001953125,14261.1904296875,3933.919921875,27686.400390625
2022-12-08,7472.2001953125,14264.5595703125,3963.510009765625,27574.4296875
2022-12-09,7476.60009765625,14370.7197265625,3934.3798828125,27901.009765625
2022-12-12,7446.0,14306.6298828125,3990.56005859375,27842.330078125
2022-12-13,7502.89990234375,14497.8896484375,4019.64990234375,27954.849609375
2022-12-14,7495.89990234375,14460.2001953125,3995.320068359375,28156.2109375
2022-12-15,7426.2001953125,13986.23046875,3895.75,28051.69921875
2022-12-16,7332.10009765625,13893.0703125,3852.360107421875,27527.119140625
2022-12-19,7361.2998046875,13942.8701171875,3817.659912109375,27237.640625
2022-12-20,7370.60009765625,13884.66015625,3821.6201171875,26568.029296875
2022-12-21,7497.2998046875,14097.8203125,3878.43994140625,26387.720703125
2022-12-22,7469.2998046875,13914.0703125,3822.389892578125,26507.869140625
2022-12-23,7473.0,13940.9296875,3844.820068359375,26235.25
2022-12-26,7473.0,13940.9296875,3844.820068359375,26405.869140625
2022-12-27,7473.0,13995.099609375,3829.25,26447.869140625
2022-12-28,7497.2001953125,13925.599609375,3783.219970703125,26340.5
2022-12-29,7512.7001953125,14071.7197265625,3849.280029296875,26093.669921875
2022-12-30,7451.7001953125,13923.58984375,3839.5,26094.5
2023-01-02,7451.7001953125,14069.259765625,3839.5,26094.5
2023-01-03,7554.10009765625,14181.669921875,3824.139892578125,26094.5
2023-01-04,7585.2001953125,14490.7802734375,3852.969970703125,25716.859375
2023-01-05,7633.5,14436.3095703125,3808.10009765625,25820.80078125
2023-01-06,7699.5,14610.01953125,3895.080078125,25973.849609375
2023-01-09,7724.89990234375,14792.830078125,3892.090087890625,25973.849609375
2023-01-10,7694.5,14774.599609375,3919.25,26175.560546875
2023-01-11,7725.0,14947.91015625,3969.610107421875,26446.0
2023-01-12,7794.0,15058.2998046875,3983.169921875,26449.8203125
2023-01-13,7844.10009765625,15086.51953125,3999.090087890625,26119.51953125
2023-01-16,7860.10009765625,15134.0400390625,3999.090087890625,25822.3203125
2023-01-17,7851.0,15187.0703125,3990.969970703125,26138.6796875
2023-01-18,7830.7001953125,15181.7998046875,3928.860107421875,26791.119140625
2023-01-19,7747.2998046875,14920.3603515625,3898.85009765625,26405.23046875
2023-01-20,7770.60009765625,15033.5595703125,3972.610107421875,26553.529296875
2023-01-23,7784.7001953125,15102.9501953125,4019.81005859375,26906.0390625
2023-01-24,7757.39990234375,15093.1103515625,4016.949951171875,27299.189453125
2023-01-25,7744.89990234375,15081.6396484375,4016.219970703125,27395.009765625
2023-01-26,7761.10009765625,15132.849609375,4060.429931640625,27362.75
2023-01-27,7765.2001953125,15150.0302734375,4070.56005859375,27382.560546875
2023-01-30,7784.89990234375,15126.080078125,4017.77001953125,27433.400390625
2023-01-31,7771.7001953125,15128.26953125,4076.60009765625,27327.109375
2023-02-01,7761.10009765625,15180.740234375,4119.2099609375,27346.880859375
2023-02-02,7820.2001953125,15509.1904296875,4179.759765625,27402.05078125
2023-02-03,7901.7998046875,15476.4296875,4136.47998046875,27509.4609375
2023-02-06,7836.7001953125,15345.91015625,4111.080078125,27693.650390625
2023-02-07,7864.7001953125,15320.8798828125,4164.0,27685.470703125
2023-02-08,7885.2001953125,15412.0498046875,4117.85986328125,27606.4609375
2023-02-09,7911.2001953125,15523.419921875,4081.5,27584.349609375
2023-02-10,7882.5,15307.98046875,4090.4599609375,27670.98046875
2023-02-13,7947.60009765625,15397.33984375,4137.2900390625,27427.3203125
2023-02-14,7953.89990234375,15380.5595703125,4136.1298828125,27602.76953125
2023-02-15,7997.7998046875,15506.33984375,4147.60009765625,27501.859375
2023-02-16,8012.5,15533.6396484375,4090.409912109375,27696.439453125
2023-02-17,8004.39990234375,15482.0,4079.090087890625,27513.130859375
2023-02-20,8014.2998046875,15477.5498046875,4079.090087890625,27531.939453125
2023-02-21,7977.7998046875,15397.6201171875,3997.340087890625,27473.099609375
2023-02-22,7930.60009765625,15399.8896484375,3991.050048828125,27104.3203125
2023-02-23,7907.7001953125,15475.6904296875,4012.320068359375,27104.3203125
2023-02-24,7878.7001953125,15209.740234375,3970.0400390625,27453.48046875
2023-02-27,7935.10009765625,15381.4296875,3982.239990234375,27423.9609375
2023-02-28,7876.2998046875,15365.1396484375,3970.14990234375,27445.560546875
2023-03-01,7914.89990234375,15305.01953125,3951.389892578125,27516.529296875
2023-03-02,7944.0,15327.6396484375,3981.35009765625,27498.869140625
2023-03-03,7947.10009765625,15578.3896484375,4045.639892578125,27927.470703125
2023-03-06,7929.7998046875,15653.580078125,4048.419921875,28237.779296875
2023-03-07,7919.5,15559.5302734375,3986.3701171875,28309.16015625
2023-03-08,7929.89990234375,15631.8701171875,3992.010009765625,28444.189453125
2023-03-09,7880.0,15633.2099609375,3918.320068359375,28623.150390625
2023-03-10,7748.39990234375,15427.9697265625,3861.590087890625,28143.970703125
2023-03-13,7548.60009765625,14959.4697265625,3855.760009765625,27832.9609375
2023-03-14,7637.10009765625,15232.830078125,3919.2900390625,27222.0390625
2023-03-15,7344.5,14735.259765625,3891.929931640625,27229.48046875
2023-03-16,7410.0,14967.099609375,3960.280029296875,27010.609375
2023-03-17,7335.39990234375,14768.2001953125,3916.639892578125,27333.7890625
2023-03-20,7403.89990234375,14933.3798828125,3951.570068359375,26945.669921875
2023-03-21,7536.2001953125,15195.33984375,4002.8701171875,26945.669921875
2023-03-22,7566.7998046875,15216.1904296875,3936.969970703125,27466.609375
2023-03-23,7499.60009765625,15210.3896484375,3948.719970703125,27419.609375
2023-03-24,7405.5,14957.23046875,3970.989990234375,27385.25
2023-03-27,7471.7998046875,15127.6796875,3977.530029296875,27476.869140625
2023-03-28,7484.2998046875,15142.01953125,3971.27001953125,27518.25
2023-03-29,7564.2998046875,15328.7802734375,4027.81005859375,27883.779296875
2023-03-30,7620.39990234375,15522.400390625,4050.830078125,27782.9296875
2023-03-31,7631.7001953125,15628.83984375,4109.31005859375,28041.48046875
2023-04-03,7673.0,15580.919921875,4124.509765625,28188.150390625
2023-04-04,7634.5,15603.4697265625,4100.60009765625,28287.419921875
2023-04-05,7662.89990234375,15520.169921875,4090.3798828125,27813.259765625
2023-04-06,7741.60009765625,15597.8896484375,4105.02001953125,27472.630859375
2023-04-07,7741.60009765625,15597.8896484375,4105.02001953125,27518.310546875
2023-04-10,7741.60009765625,15597.8896484375,4109.10986328125,27633.66015625
2023-04-11,7785.7001953125,15655.169921875,4108.93994140625,27923.369140625
2023-04-12,7824.7998046875,15703.599609375,4091.949951171875,28082.69921875
2023-04-13,7843.39990234375,15729.4599609375,4146.22021484375,28156.970703125
2023-04-14,7871.89990234375,15807.5,4137.64013671875,28493.470703125
2023-04-17,7879.5,15789.5302734375,4151.31982421875,28514.779296875
2023-04-18,7909.39990234375,15882.669921875,4154.8701171875,28658.830078125
2023-04-19,7898.7998046875,15895.2001953125,4154.52001953125,28606.759765625
2023-04-20,7902.60009765625,15795.9697265625,4129.7900390625,28657.5703125
2023-04-21,7914.10009765625,15881.66015625,4133.52001953125,28564.369140625
2023-04-24,7912.2001953125,15863.9501953125,4137.0400390625,28593.51953125
2023-04-25,7891.10009765625,15872.1298828125,4071.6298828125,28620.0703125
2023-04-26,7852.60009765625,15795.73046875,4055.989990234375,28416.470703125
2023-04-27,7831.60009765625,15800.4501953125,4135.35009765625,28457.6796875
2023-04-28,7870.60009765625,15922.3798828125,4169.47998046875,28856.439453125
2023-05-01,7870.60009765625,15922.3798828125,4167.8701171875,29123.1796875
2023-05-02,7773.0,15726.9404296875,4119.580078125,29157.94921875
2023-05-03,7788.39990234375,15815.0595703125,4090.75,29157.94921875
2023-05-04,7702.60009765625,15734.240234375,4061.219970703125,29157.94921875
2023-05-05,7778.39990234375,15961.01953125,4136.25,29157.94921875
2023-05-08,7778.39990234375,15952.830078125,4138.1201171875,28949.880859375
2023-05-09,7764.10009765625,15955.48046875,4119.169921875,29242.8203125
2023-05-10,7741.2998046875,15896.23046875,4137.64013671875,29122.1796875
2023-05-11,7730.60009765625,15834.91015625,4130.6201171875,29126.720703125
2023-05-12,7754.60009765625,15913.8203125,4124.080078125,29388.30078125
2023-05-15,7777.7001953125,15917.240234375,4136.27978515625,29626.33984375
2023-05-16,7751.10009765625,15897.9296875,4109.89990234375,29842.990234375
2023-05-17,7723.2001953125,15951.2998046875,4158.77001953125,30093.58984375
2023-05-18,7742.2998046875,16163.3603515625,4198.0498046875,30573.9296875
2023-05-19,7756.89990234375,16275.3798828125,4191.97998046875,30808.349609375
2023-05-22,7771.0,16223.990234375,4192.6298828125,31086.8203125
2023-05-23,7763.0,16152.8603515625,4145.580078125,30957.76953125
2023-05-24,7627.10009765625,15842.1298828125,4115.240234375,30682.6796875
2023-05-25,7570.89990234375,15793.7998046875,4151.27978515625,30801.130859375
2023-05-26,7627.2001953125,15983.9697265625,4205.4501953125,30916.310546875
2023-05-29,7627.2001953125,15952.73046875,4205.4501953125,31233.5390625
2023-05-30,7522.10009765625,15908.91015625,4205.52001953125,31328.16015625
2023-05-31,7446.10009765625,15664.01953125,4179.830078125,30887.880859375
2023-06-01,7490.2998046875,15853.66015625,4221.02001953125,31148.009765625
2023-06-02,7607.2998046875,16051.23046875,4282.3701171875,31524.220703125
2023-06-05,7600.0,15963.8896484375,4273.7900390625,32217.4296875
2023-06-06,7628.10009765625,15992.4404296875,4283.85009765625,32506.779296875
2023-06-07,7624.2998046875,15960.5595703125,4267.52001953125,31913.740234375
2023-06-08,7599.7001953125,15989.9599609375,4293.93017578125,31641.26953125
2023-06-09,7562.39990234375,15949.83984375,4298.85986328125,32265.169921875
2023-06-12,7570.7001953125,16097.8701171875,4338.93017578125,32434.0
2023-06-13,7594.7998046875,16230.6796875,4369.009765625,33018.6484375
2023-06-14,7602.7001953125,16310.7900390625,4372.58984375,33502.421875
2023-06-15,7628.2998046875,16290.1201171875,4425.83984375,33485.48828125
2023-06-16,7642.7001953125,16357.6298828125,4409.58984375,33706.078125
2023-06-19,7588.5,16201.2001953125,4409.58984375,33370.421875
2023-06-20,7569.2998046875,16111.3203125,4388.7099609375,33388.91015625
2023-06-21,7559.2001953125,16023.1298828125,4365.68994140625,33575.140625
2023-06-22,7502.0,15988.16015625,4381.89013671875,33264.87890625
2023-06-23,7461.89990234375,15829.9404296875,4348.330078125,32781.5390625
2023-06-26,7453.60009765625,15813.0595703125,4328.81982421875,32698.810546875
2023-06-27,7461.5,15846.8603515625,4378.41015625,32538.330078125
2023-06-28,7500.5,15949.0,4376.85986328125,33193.98828125
2023-06-29,7471.7001953125,15946.7197265625,4396.43994140625,33234.140625
2023-06-30,7531.5,16147.900390625,4450.3798828125,33189.0390625
2023-07-03,7527.2998046875,16081.0400390625,4455.58984375,33753.328125
2023-07-04,7519.7001953125,16039.169921875,4455.58984375,33422.51953125
2023-07-05,7442.10009765625,15937.580078125,4446.81982421875,33338.69921875
2023-07-06,7280.5,15528.5400390625,4411.58984375,32773.01953125
2023-07-07,7256.89990234375,15603.400390625,4398.9501953125,32388.419921875
2023-07-10,7273.7998046875,15673.16015625,4409.52978515625,32189.73046875
2023-07-11,7282.5,15790.33984375,4439.259765625,32203.5703125
2023-07-12,7416.10009765625,16023.0,4472.16015625,31943.9296875
2023-07-13,7440.2001953125,16141.0302734375,4510.0400390625,32419.330078125
2023-07-14,7434.60009765625,16105.0703125,4505.419921875,32391.259765625
2023-07-17,7406.39990234375,16068.650390625,4522.7900390625,32391.259765625
2023-07-18,7453.7001953125,16125.490234375,4554.97998046875,32493.890625
2023-07-19,7588.2001953125,16108.9296875,4565.72021484375,32896.03125
2023-07-20,7646.10009765625,16204.2197265625,4534.8701171875,32490.51953125
2023-07-21,7663.7001953125,16177.2197265625,4536.33984375,32304.25
2023-07-24,7678.60009765625,16190.9501953125,4554.64013671875,32700.939453125
2023-07-25,7691.7998046875,16211.58984375,4567.4599609375,32682.509765625
2023-07-26,7676.89990234375,16131.4599609375,4566.75,32668.33984375
2023-07-27,7692.7998046875,16406.029296875,4537.41015625,32891.16015625
2023-07-28,7694.2998046875,16469.75,4582.22998046875,32759.23046875
2023-07-31,7699.39990234375,16446.830078125,4588.9599609375,33172.21875
2023-08-01,7666.2998046875,16240.400390625,4576.72998046875,33476.578125
2023-08-02,7561.60009765625,16020.01953125,4513.39013671875,32707.689453125
2023-08-03,7529.2001953125,15893.3798828125,4501.89013671875,32159.279296875
2023-08-04,7564.39990234375,15951.8603515625,4478.02978515625,32192.75
2023-08-07,7554.5,15950.759765625,4518.43994140625,32254.560546875
2023-08-08,7527.39990234375,15774.9296875,4499.3798828125,32377.2890625
2023-08-09,7587.2998046875,15852.580078125,4467.7099609375,32204.330078125
2023-08-10,7618.60009765625,15996.51953125,4468.830078125,32473.650390625
2023-08-11,7524.2001953125,15832.169921875,4464.0498046875,32473.650390625
2023-08-14,7507.2001953125,15904.25,4489.72021484375,32059.91015625
2023-08-15,7389.60009765625,15767.2802734375,4437.85986328125,32238.890625
2023-08-16,7356.89990234375,15789.4501953125,4404.330078125,31766.8203125
2023-08-17,7310.2001953125,15676.900390625,4370.35986328125,31626.0
2023-08-18,7262.39990234375,15574.259765625,4369.7099609375,31450.759765625
2023-08-21,7257.7998046875,15603.2802734375,4399.77001953125,31565.640625
2023-08-22,7270.7998046875,15705.6201171875,4387.5498046875,31856.7109375
2023-08-23,7320.5,15728.41015625,4436.009765625,32010.259765625
2023-08-24,7333.60009765625,15621.490234375,4376.31005859375,32287.2109375
2023-08-25,7338.60009765625,15631.8203125,4405.7099609375,31624.279296875
2023-08-28,7338.60009765625,15792.6103515625,4433.31005859375,32169.990234375
2023-08-29,7465.0,15930.8798828125,4497.6298828125,32226.970703125
2023-08-30,7473.7001953125,15891.9296875,4514.8701171875,32333.4609375
2023-08-31,7439.10009765625,15947.080078125,4507.66015625,32619.33984375
2023-09-01,7464.5,15840.33984375,4515.77001953125,32710.619140625
2023-09-04,7452.7998046875,15824.849609375,4515.77001953125,32939.1796875
2023-09-05,7437.89990234375,15771.7099609375,4496.830078125,33036.76171875
2023-09-06,7426.10009765625,15741.3701171875,4465.47998046875,33241.01953125
2023-09-07,7441.7001953125,15718.66015625,4451.14013671875,32991.078125
2023-09-08,7478.2001953125,15740.2998046875,4457.490234375,32606.83984375
